2007	DC	Addlery	Nicholas	 F	36000.00	 36000.00
2007	DC	Arguez	 Bryan	M-D	45000.00	 76200.00
2007	DC	Boswell	Robert	 D	30870.00	 30870.00
2007	DC	Burch	Marc	 D	30000.00	 30000.00
2007	DC	Carreiro da Silva	Fred	 M-F	 190008.00	222008.00
2007	DC	Carroll	Brian	M	 115000.00	118750.00
2007	DC	Carroll	Jeff	 M-D	12900.00	 12900.00
2007	DC	Crowe	Shawn	 GK	 12900.00	12900.00
2007	DC	DeRoux	 Stephen	 M	 12900.00	12900.00
2007	DC	Dyachenko	Rod	 M	17700.00	17700.00
2007	DC	Emilio	 Luciano	 F	 265000.00	 293125.00
2007	DC	Gomez	Cristian	 M	 216000.00	 218500.00
2007	DC	Gros	 Joshua	 M	72500.00	75000.00
2007	DC	Kpene	Guy	 F	30000.00	30000.00
2007	DC	McTavish	 Devon	 M	30000.00	30000.00
2007	DC	Mediate	Stanton	 M-F	 30000.00	30000.00
2007	DC	Moose	Justin	M	17700.00	17700.00
2007	DC	Moreno	 Jaime	 F	 250000.00	 275000.00
2007	DC	Mupier	 Mira	F	12900.00	12900.00
2007	DC	Namoff	 Bryan	 D	85000.00	88750.00
2007	DC	Nolly	Jay	 GK	 36000.00	36000.00
2007	DC	North	Brad	F	12900.00	12900.00
2007	DC	Olsen	Ben	 M	 155000.00	 177500.00
2007	DC	Perkins	Troy	GK	 85000.00	87500.00
2007	DC	Simms	Clyde	M	52500.00	 53750.00
2007	DC	Vanney	 Greg	 D	 216667.00	 236667.00
2007	DC	Walker	 Jamil	M-F	30870.00	30870.00
2007	KC	Arnaud	 Davy	 M	 100000.00	101875.00
2007	KC	Burciaga	 Jose	 D	 100000.00	102500.00
2007	KC	Colombano	Eloy	F-M	42000.00	42000.00
2007	KC	Conrad	 Jimmy	 D	194750.00	206000.00
2007	KC	Elcock	 Edson	 M-F	17700.00	17700.00
2007	KC	Garcia	 Nick	 D	 131250.00	 136250.00
2007	KC	Godbolt	Aaron John	 M	17700.00	17700.00
2007	KC	Guadarrama	 Willy	F	12900.00	12900.00
2007	KC	Harrington	 Michael	D	36000.00	53500.00
2007	KC	Hartman	Kevin	GK	150000.00	 150000.00
2007	KC	Hohlbein	 Aaron	M-D	30000.00	30000.00
2007	KC	Jewsbury	 Jack	M-F	50000.00	50000.00
2007	KC	John	 Will	M-F	33075.00	40575.00
2007	KC	Johnson	Eddie	 F	 750000.00	 875000.00
2007	KC	Konopka	Chris	 GK	 12900.00	12900.00
2007	KC	Kraus	Michael	 M-F	12900.00	12900.00
2007	KC	Kronberg	 Eric	GK	 30000.00	30000.00
2007	KC	Lowery	 Amir	M	12900.00	12900.00
2007	KC	Marinelli	Carlos	M	 165000.00	 165000.00
2007	KC	McMahen	Ryan	M	30000.00	30000.00
2007	KC	Morsink	Kurt	M	30000.00	30000.00
2007	KC	Movsisyan	Yura	F	35750.00	45750.00
2007	KC	Pore	 Ryan	 F	44825.00	 57325.00
2007	KC	Raybould	 Ryan	 D-M	30000.00	 30000.00
2007	KC	Sealy	Scott	F	33075.00	 33075.00
2007	KC	Victorine	Sasha	M	 137500.00	 140000.00
2007	KC	Wahl	 Tyson	D	30000.00	30000.00
2007	KC	Watson	 Lance	M	17700.00	17700.00
2007	KC	Zavagnin	 Kerry	M	 154000.00	 154000.00
2007	LA	Albright	 Chris	M-D	 142500.00	142500.00
2007	LA	Beckham	David	M	 5500000.08	6500000.04
2007	LA	Buddle	 Edson	F	 140000.00	150000.00
2007	LA	Cannon	 Joe	GK	192000.00	192000.00
2007	LA	Caso	 Mike	 M	12900.00	 12900.00
2007	LA	Cronin	 Steve	 GK	 34728.75	42228.75
2007	LA	Donovan	Landon	F	 900000.00	 900000.00
2007	LA	Friesz	 Lance	 GK	 12900.00	12900.00
2007	LA	Glinton	Gavin	F	50000.00	50000.00
2007	LA	Gordon	 Alan	 F	30870.00	30870.00
2007	LA	Gray	 Kelly	M-D	85000.00	85000.00
2007	LA	Harden	 Ty	 D	 30000.00	30000.00
2007	LA	Harmse	 Kevin	M	40800.00	40800.00
2007	LA	Jazic	Ante	D-M	108000.00	114250.00
2007	LA	Jones	Cobi	M	95000.00	95000.00
2007	LA	Kirk	 Quavas	F	75000.00	 111500.00
2007	LA	Klein	Chris	 M	 180000.00	 187250.00
2007	LA	Martino	Kyle	M	52500.00	55297.27
2007	LA	Pavon	Carlos	F	 132000.00	 141500.00
2007	LA	Randolph	 Michael	D	17700.00	 17700.00
2007	LA	Roberts	Troy	 D	30000.00	 30000.00
2007	LA	Sesay	Israel	 F	45000.00	 57083.33
2007	LA	Tudela	 Josh	 M	17700.00	17700.00
2007	LA	Vagenas	Peter	M	 131250.00	 131875.00
2007	LA	Veris	Kyle	 D	17700.00	17700.00
2007	LA	Xavier	 Abel	 D	 156000.00	 156000.00
2007	NE	Byrne	Bryan	M	30000.00	 30000.00
2007	NE	Cristman	 Adam	F	17700.00	17700.00
2007	NE	Dorman	 Andy	M	30870.00	30870.00
2007	NE	Flood	Gary	D	12900.00	12900.00
2007	NE	Franchino	Joey	D	90000.00	90000.00
2007	NE	Gonzalez	 Miguel	 M	12900.00	12900.00
2007	NE	Heaps	Jay	D	 110000.00	 113750.00
2007	NE	Helton	 Kyle	 D	12900.00	12900.00
2007	NE	Igwe	 Amaechi	F	45000.00	78000.00
2007	NE	John	 Avery	 D	63000.00	63750.00
2007	NE	Joseph	 Shalrie	 D	 170625.00	 180625.00
2007	NE	Knighton	 Brad	GK	 12900.00	12900.00
2007	NE	Larentowicz	Jeff	M	30000.00	 30000.00
2007	NE	Leonard	Marshall	M	47500.00	47500.00
2007	NE	Loftus	 Chris	 F	12900.00	12900.00
2007	NE	Noonan	 Pat	 F	 225000.00	 227500.00
2007	NE	Oka	Arsene	M	12900.00	12900.00
2007	NE	Parkhurst	Michael	 D	80575.00	93075.00
2007	NE	Ralston	Steve	M	 150000.00	150000.00
2007	NE	Reis	 Matt	 GK	150000.00	150000.00
2007	NE	Riley	James	D-F	30870.00	 30870.00
2007	NE	Sims	 Willie	 F	35500.00	 43000.00
2007	NE	Smith	Khano	F	44100.00	 44100.00
2007	NE	Solle	Ryan	 M	17700.00	 17700.00
2007	NE	Thompson	 Wells	M	30000.00	30000.00
2007	NE	Twellman	 Taylor	 F	 325008.00	 350008.00
2007	NE	Warren	 Doug	 GK	 50000.00	50000.00
2007	NY	Altidore	 Josmer	 F	85000.00	108333.00
2007	NY	Angel	Juan Pablo	 F	1500000.00	1593750.00
2007	NY	Caccavale	Salvatore	M	12900.00	 12900.00
2007	NY	Camp	 Blake	M	12900.00	 12900.00
2007	NY	Cepero	 Danny	GK	 12900.00	 12900.00
2007	NY	Conway	 Jon	 GK	 65000.00	65750.00
2007	NY	Doe	Francis	 F	48000.00	48000.00
2007	NY	Freeman	Hunter	D-M	50600.00	60600.00
2007	NY	Goldthwaite	Kevin	D	30870.00	30870.00
2007	NY	Ikangu	 Elie	M	17700.00	17700.00
2007	NY	Karcz	Chris	 M	12900.00	12900.00
2007	NY	Kovalenko	Dema	M	 190000.00	 197375.00
2007	NY	Laventure	Jerrod	F	12900.00	12900.00
2007	NY	Leitch	 Chris	 D	43200.00	43200.00
2007	NY	Magee	Mike	F	56206.25	57206.25
2007	NY	Mathis	 Clint	 M-F	 270000.00	 410000.00
2007	NY	Mendes	 Carlos	D	62606.25	62606.25
2007	NY	Parke	Jeff	D	47250.00	48500.00
2007	NY	Patterson	Randi	 F	12900.00	12900.00
2007	NY	Quaranta	 Santino	F	 100000.00	105312.50
2007	NY	Reyna	Claudio	M	 1000008.00	1250008.00
2007	NY	Richards	 Dane	 F-M	30000.00	 30000.00
2007	NY	Schopp	 Markus	 M	 175000.00	175000.00
2007	NY	Stammler	 Seth	 D	30870.00	30870.00
2007	NY	Ubiparipovic	 Sinisa	 F-M	17700.00	17700.00
2007	NY	Van Den Bergh	Dave	 M	 180000.00	 214583.33
2007	NY	Vide	 Joe	M	17700.00	17700.00
2007	NY	Waterreus	Ronald	 GK	200000.00	 200000.00
2007	NY	Wolyniec	 John	 F	65625.00	65625.00
2007	CHI	Armas	Chris	M	 225000.00	225000.00
2007	CHI	Banner	 Michael	M	12900.00	 12900.00
2007	CHI	Barrett	Chad	 F	41212.50	 48712.50
2007	CHI	Blanco	 Cuauhtemoc	 F	 2492316.00	2666778.00
2007	CHI	Brown	C.J.	 D	106391.00	106391.00
2007	CHI	Busch	Jon	GK	 58008.00	 58008.00
2007	CHI	Carr	 Calen	F	38000.00	 50500.00
2007	CHI	Conde	Wilman	D	 144000.00	 151500.00
2007	CHI	Correa	 Thiago	M	44100.00	44100.00
2007	CHI	Curtin	 Jeff	D	12900.00	12900.00
2007	CHI	Curtin	 Jim	 D	 120750.00	 120750.00
2007	CHI	Franks	 Floyd	 M	17700.00	17700.00
2007	CHI	Guerrero	 Ivan	 D-M	 160000.00	 187500.00
2007	CHI	Gutierrez	Diego	M	 126500.00	 126500.00
2007	CHI	Mapp	 Justin	M	 130000.00	 136000.00
2007	CHI	Marques	Bruno	 M	12900.00	12900.00
2007	CHI	Monteiro	 Jerson	F	17700.00	17700.00
2007	CHI	Noble	Nick	GK	 12900.00	12900.00
2007	CHI	Pause	Logan	 M	69300.00	69300.00
2007	CHI	Pickens	Matt	 GK	 32340.00	 32340.00
2007	CHI	Plotkin	Brian	M	30000.00	 30000.00
2007	CHI	Robinson	 Dasan	D	 42500.00	42500.00
2007	CHI	Rolfe	Chris	F	70000.00	 74700.00
2007	CHI	Russolillo	 Jordan	 D	12900.00	12900.00
2007	CHI	Segares	Gonzalo	D	48300.00	 50800.00
2007	CHI	Soumare	Bakary	 D	45000.00	 78000.00
2007	CHI	Telesford	Osei	 D	36000.00	36625.00
2007	CHI	Wanchope	 Paulo	F	 240000.00	 267500.00
2007	CHI	Woolard	Daniel	 D	12900.00	12900.00
2007	CHV	Arvizu	 David	F	33000.00	 40500.00
2007	CHV	Bornstein	Jonathan	 D	57500.00	 57500.00
2007	CHV	Brooks	 Desmond	D	12900.00	 12900.00
2007	CHV	Burling	Bobby	F-D	12900.00	 12900.00
2007	CHV	Burpo	Preston	GK	 52491.60	52491.60
2007	CHV	Cunliffe	 John	F	30000.00	45000.00
2007	CHV	Flores	 Jorge	 M	12900.00	13275.00
2007	CHV	Galindo	Maykel	F	72500.00	72500.00
2007	CHV	Guzan	Brad	 GK	 52237.50	67237.50
2007	CHV	Hamilton	 Anthony	F	17700.00	17700.00
2007	CHV	Hernandez	Jason	D	45000.00	45625.00
2007	CHV	Kljestan	 Sacha	 M	70000.00	 103000.00
2007	CHV	Llamosa	Carlos	D	84000.00	84000.00
2007	CHV	Lopez	Rodrigo	 M	17700.00	17700.00
2007	CHV	Marsch	 Jesse	 M	 100000.00	 109375.00
2007	CHV	Mendoza	Francisco	 M	90000.00	93750.00
2007	CHV	Merlin	 Laurent	 M	60000.00	60000.00
2007	CHV	Myers	Justin	GK	 12900.00	12900.00
2007	CHV	Nagamura	 Paulo	 M	 89250.00	89250.00
2007	CHV	Nunez	Ramon	 M	 100000.00	 118000.00
2007	CHV	Perez	Orlando	 D	70000.00	70000.00
2007	CHV	Razov	Ante	 F	 245000.00	248750.00
2007	CHV	Robles	 Eder	 D	12900.00	 12900.00
2007	CHV	Solorzano	Erasmo	 M	12900.00	 12900.00
2007	CHV	Suarez	 Claudio	D	 146991.60	 146991.60
2007	CHV	Thomas	 Shavar	 D	70000.00	73750.00
2007	CHV	Vaughn	 Lawson	 D	30000.00	30000.00
2007	CHV	Zotinca	Alex	 D	67500.00	68750.00
2007	CLB	Evans	Brad	F	17700.00	17700.00
2007	CLB	Garey	Jason	F	41250.00	53750.00
2007	CLB	Gaudette	 Bill	 GK	 30000.00	30000.00
2007	CLB	Gaven	Eddie	M	165000.00	188000.00
2007	CLB	Gonzalez	 Marcos	 D	 156000.00	 162250.00
2007	CLB	Grabavoy	 Ned	M	45050.25	52550.25
2007	CLB	Gruenebaum	 Andy	 GK	 17700.00	17700.00
2007	CLB	Hejduk	 Frankie	D	 150000.00	 175000.00
2007	CLB	Hendrickson	Ezra	 D-M	76650.00	77900.00
2007	CLB	Herron	 Andy	 F	 140000.00	 148750.00
2007	CLB	Hesmer	 William	GK	 30870.00	30870.00
2007	CLB	Hunter	 Ben	F	12900.00	12900.00
2007	CLB	Junge	Ryan	D	12900.00	12900.00
2007	CLB	Kamara	 Kei	 F	33000.00	43000.00
2007	CLB	Marshall	 Chad	D	 100000.00	 123000.00
2007	CLB	Miglioranzi	Stefani	 M	70008.00	86258.00
2007	CLB	Moreno	 Alejandro	 F	 120000.00	 125000.00
2007	CLB	Moss	 Brandon	 M	17700.00	17700.00
2007	CLB	O'Rourke	 Danny	 M	46331.25	56331.25
2007	CLB	Oughton	Duncan	D	72000.00	72000.00
2007	CLB	Peterson	 Andrew	M	12900.00	12900.00
2007	CLB	Pierce	 Rusty	D	63000.00	 64300.00
2007	CLB	Rogers	 Robbie	 F-M	50000.00	 50000.00
2007	CLB	Schelotto	Guillermo Barros	F	 150000.00	150000.00
2007	CLB	Szetela	Danny	M	43135.31	48760.31
2007	CLB	Thomas	 Jacob	M	84000.00	87750.00
2007	CLB	Virtuoso	 Ricardo	M	60000.00	 102000.00
2007	CLB	Ward	 Tim	D	38456.25	 48456.25
2007	CLB	Zayner	 Jed	D	33000.00	40500.00
2007	COL	Ballouchy	Mehdi	M	70000.00	 88000.00
2007	COL	Cancela	Jose	 M	 156000.00	156000.00
2007	COL	Casey	Conor	F	 180000.00	180000.00
2007	COL	Clark	Colin	F	17700.00	 17700.00
2007	COL	Colaluca	 Nico	M	45000.00	78000.00
2007	COL	Cooke	Terry	 M	 147500.00	 152500.00
2007	COL	Coundoul	 Bouna	 GK	 30000.00	30000.00
2007	COL	Cummings	 Omar	F	30000.00	30000.00
2007	COL	DiRaimondo	 John	M	12900.00	12900.00
2007	COL	Erpen	Facundo	 D	 115000.00	 115000.00
2007	COL	Gargan	 Daniel	 M	30000.00	30000.00
2007	COL	Gomez	Hercules	 F	49350.00	49350.00
2007	COL	Harvey	 Jordan	 D	17700.00	17700.00
2007	COL	Hernandez	Nicolas	F	 130000.00	 132400.00
2007	COL	Hughes	 Justin	 GK	 12900.00	12900.00
2007	COL	Ihemelu	Ugo	 D	55000.00	55000.00
2007	COL	Keel	 Stephen	 D	17700.00	17700.00
2007	COL	Kimura	 Kosuke	M	12900.00	12900.00
2007	COL	Kirovski	 Jovan	 F	 200000.00	 200000.00
2007	COL	LaBrocca	 Nick	M	12900.00	12900.00
2007	COL	Mastroeni	Pablo	 M-D	 280000.00	 298000.00
2007	COL	Osorno	 Daniel	F	 138000.00	 143000.00
2007	COL	Peterson	 Jacob	F	70000.00	 88750.00
2007	COL	Petke	Mike	 D	 126000.00	126000.00
2007	COL	Prideaux	 Brandon	D	76403.00	 76403.00
2007	COL	Sanneh	 Tony	 D	60000.00	 60000.00
2007	COL	Thornton	 Zach	 GK	 57600.00	57600.00
2007	COL	Wasson	 Daniel	 D	17700.00	17700.00
2007	COL	Wilmes	 Clifton	D	12900.00	12900.00
2007	DAL	Alvarez	Arturo	 M	32819.00	 46019.00
2007	DAL	Botero	 Juan Sebastian	M	12900.00	 12900.00
2007	DAL	Burse	Ray	GK	 17700.00	 17700.00
2007	DAL	Cooper	 Kenny	 F	80000.00	83000.00
2007	DAL	Daniels	Andrew	D	12900.00	12900.00
2007	DAL	De Oliveira	Denilson	M	 872736.00	 879936.00
2007	DAL	Dello-Russo	Michael	 D	12900.00	12900.00
2007	DAL	Gbandi	 Chris	D	 100000.00	 103750.00
2007	DAL	Gbandi	 Sandy	M	12900.00	12900.00
2007	DAL	Goodson	Clarence	 D	48378.75	53378.75
2007	DAL	Hislop	 Shaka	GK	220800.00	 220800.00
2007	DAL	Ibrahim	Abdus	F	50000.00	83000.00
2007	DAL	Jones	Scott	 M	12900.00	12900.00
2007	DAL	McCarty	Dax	 M	33000.00	45500.00
2007	DAL	Mina	 Roberto	 F	80000.00	80000.00
2007	DAL	Moor	 Drew	D	53350.00	65850.00
2007	DAL	Oduro	Dominic	 F	30000.00	30000.00
2007	DAL	Pereira	Ricardo	 F	30000.00	30000.00
2007	DAL	Pitchkolan	 Aaron	M	 17700.00	17700.00
2007	DAL	Rhine	Bobby	D	60000.00	 62500.00
2007	DAL	Ricchetti	Pablo	M	 120000.00	126625.00
2007	DAL	Ruiz	 Carlos	 F	 325000.00	435000.00
2007	DAL	Sala	 Dario	GK	110000.00	119875.00
2007	DAL	Saragosa	 Marcelo	M	67008.00	 71883.00
2007	DAL	Serioux	Adrian	 D	 108000.00	120500.00
2007	DAL	Thompson	 Abe	F	30000.00	30000.00
2007	DAL	Toja	 Juan Carlos	M	 100008.00	 100008.00
2007	DAL	Wagenfuhr	David	D	 30870.00	30870.00
2007	DAL	Wagner	 Blake	D	33000.00	45500.00
2007	DAL	Wallace	Anthony	M	45000.00	78000.00
2007	DAL	Yi	 Alex	 D	30870.00	30870.00
2007	HOU	Ashe	 Corey	M	30000.00	 30000.00
2007	HOU	Barrett	Wade	 D	 141750.00	141750.00
2007	HOU	Chabala	Mike	 M	17700.00	 17700.00
2007	HOU	Ching	Brian	F	 220000.00	220000.00
2007	HOU	Clark	Ricardo	M	 195000.00	195000.00
2007	HOU	Cochrane	 Ryan	D	51149.00	66149.00
2007	HOU	Dalglish	 Paul	F	96000.00	 101000.00
2007	HOU	Davis	Brad	M	 120000.00	 120000.00
2007	HOU	DeRosario	Dwayne	M	 324999.96	 324999.96
2007	HOU	Ebert	Eric	M	12900.00	12900.00
2007	HOU	Hatzke	 Nick	 M	12900.00	 12900.00
2007	HOU	Hayden	 John-Michael	 M	17700.00	17700.00
2007	HOU	Hoerner	Kenneth	M-F	12900.00	12900.00
2007	HOU	Holden	 Stuart	 M	31500.00	31500.00
2007	HOU	Ianni	Patrick	D	70000.00	 103000.00
2007	HOU	James	Jordan	GK	 12900.00	12900.00
2007	HOU	Jaqua	Nate	F	 112500.00	 119525.00
2007	HOU	Moloi	Mpho	M	17700.00	17700.00
2007	HOU	Mullan	 Brian	 M	 125000.00	 125000.00
2007	HOU	Mulrooney	Richard	 M	 220000.00	 233200.00
2007	HOU	Ngwenya	Joseph	F	51148.13	62023.13
2007	HOU	Onstad	 Pat	 GK	168000.00	 168000.00
2007	HOU	Robinson	 Eddie	D	 110000.00	110000.00
2007	HOU	Ustruck	Erik	 M	12900.00	12900.00
2007	HOU	Waibel	 Craig	D	85000.00	85000.00
2007	HOU	Wells	Zachary	GK	 50400.00	50400.00
2007	HOU	Wondolowski	Chris	M	30000.00	30000.00
2007	Pool	 Monsalve	 David	 GK	 30000.00	30000.00
2007	Pool	 Pardo	Boris	 GK	 17700.00	17700.00
2007	Pool	 Reynolds	 Samuel	 GK	 17700.00	 17700.00
2007	Pool	 Schoeni	Kenny	GK	 17700.00	 17700.00
2007	RSL	Beckerman	Kyle	 M	 120000.00	122500.00
2007	RSL	Besagno	Nikolas	M	75000.00	111500.00
2007	RSL	Brown	Chris	M-F	70000.00	 70000.00
2007	RSL	Brown	Kyle	 F	17700.00	 17700.00
2007	RSL	Curfman	Steven	M	12900.00	12900.00
2007	RSL	Cutler	 Kenny	 M	30000.00	30000.00
2007	RSL	Eskandarian	Alecko	F	 155000.00	 175500.00
2007	RSL	Espindola	Edgar	 F	72000.00	72000.00
2007	RSL	Findley	Robert	F	36000.00	48500.00
2007	RSL	Forko	Willis	D	30000.00	30000.00
2007	RSL	Harris	 Atiba	F	30000.00	30000.00
2007	RSL	Hashimoto	Duke	 F	17700.00	17700.00
2007	RSL	Jimenez	Christian	 M	33075.00	43075.00
2007	RSL	Kipre	Jean-Martial	D	30000.00	30000.00
2007	RSL	Kirby	Dustin	D	12900.00	12900.00
2007	RSL	Kotschau	 Ritchie	 D	 69300.00	70175.00
2007	RSL	Lancos	 Chris	 D	17700.00	17700.00
2007	RSL	Mantilla	 Matias	D	48000.00	48000.00
2007	RSL	Morales	Javier	M	 120000.00	 120000.00
2007	RSL	Pope	 Eddie	D	 265000.00	265000.00
2007	RSL	Reynish	Kyle	 GK	 17700.00	 17700.00
2007	RSL	Rimando	Nick	 GK	 64125.00	 68468.75
2007	RSL	Seitz	Chris	GK	 55000.00	 90500.00
2007	RSL	Stewart	Jack	 D	41081.25	48581.25
2007	RSL	Sturgis	Nathan	 M	70000.00	 103000.00
2007	RSL	Talley	 Carey	D	 118248.00	 118248.00
2007	RSL	Watson	 Jamie	F	45100.00	50100.00
2007	RSL	Williams	 Andy	 F	70008.00	70008.00
2007	RSL	Wingert	Chris	D	54993.75	62493.75
2007	TFC	Attakora-Gyan	Nana	 D	12900.00	 12900.00
2007	TFC	Boyens	 Andrew	 D	30000.00	 47500.00
2007	TFC	Braz	 Adam	 D	67200.00	 74950.00
2007	TFC	Brennan	Jim	D	 150000.00	158000.00
2007	TFC	Canizalez	Maycoll	M	36000.00	 40000.00
2007	TFC	Cunningham	 Jeffrey	 F	 220000.00	 232500.00
2007	TFC	Dichio	 Daniel	F	 150000.00	 158125.00
2007	TFC	Djekanovic	 Srdjan	GK	 17700.00	17700.00
2007	TFC	Dunivant	 Todd	D	99750.00	 99750.00
2007	TFC	Edu	Maurice	 M	50000.00	 132500.00
2007	TFC	Gala	 Gabriel	 M	12900.00	12900.00
2007	TFC	Guzman	 David	M	12900.00	12900.00
2007	TFC	Hemming	Tyler	M	17700.00	17700.00
2007	TFC	Lombardo	 Andrea	F	30000.00	30000.00
2007	TFC	Lumley	 Stephen	 D	12900.00	12900.00
2007	TFC	Marshall	 Tyrone	D	 142000.00	 149500.00
2007	TFC	Melo	 Joey	M	12900.00	12900.00
2007	TFC	Nunez	Cristian	M	17700.00	 17700.00
2007	TFC	O'Brien	Ronnie	M	 240000.00	 258750.00
2007	TFC	Pozniak	Chris	D	90000.00	 95000.00
2007	TFC	Reda	 Marco	D	 100000.00	105000.00
2007	TFC	Robinson	 Carl	 M	 300000.00	315000.00
2007	TFC	Samuel	 Collin	 F	90000.00	115000.00
2007	TFC	Stamatopolus	 Kenny	GK	 30000.00	 37500.00
2007	TFC	Sutton	 Greg	 GK	 125000.00	132562.50
2007	TFC	Welsh	Andrew	 M	 195000.00	 204750.00
2007	TFC	Wynne	Marvell	D	47500.00	 150000.00
2008	LA	 Adzemian	Vardan	 D	12900.00	 12900.00
2008	LA	 Alamo	 Charles	GK	 12900.00	 12900.00
2008	LA	 Allen	 Ely	 F	12900.00	12900.00
2008	LA	 Barlow	Jeremy	 D	12900.00	 12900.00
2008	LA	 Beckham	 David	M	 5500000.08	6500000.04
2008	LA	 Bolkan	Scott	M	12900.00	 12900.00
2008	LA	 Bowen	 Tristan	 F	 45000.00	 76363.63
2008	LA	 Buddle	Edson	 F	147000.00	157000.00
2008	LA	 Cronin	Steve	GK	 75000.00	75000.00
2008	LA	 Dominguez	 Eduardo	D	192000.00	192000.00
2008	LA	 Donovan	 Landon	F	 900000.00	900000.00
2008	LA	 Franchino	 Joey	 M	50000.00	 50000.00
2008	LA	 Franklin	Sean	 D	36000.00	 48500.00
2008	LA	 Gavin	 Michael	D	17700.00	 17700.00
2008	LA	 Gordon	Alan	F	 72504.00	 72504.00
2008	LA	 Jazic	 Ante	 D	120000.00	125625.00
2008	LA	 Jordan	Bryan	 F	 12900.00	12900.00
2008	LA	 Klein	 Chris	D	150000.00	150000.00
2008	LA	 Lewis	 Eddie	M	108000.00	113714.29
2008	LA	 McDonald	Brandon	M	17700.00	17700.00
2008	LA	 Munoz	 Mike	 M	12900.00	12900.00
2008	LA	 Pires	 Alvaro	 M	100000.00	110775.31
2008	LA	 Randolph	Michael	D	33000.00	33000.00
2008	LA	 Roberts	 Troy	 D	33000.00	33000.00
2008	LA	 Saunders	Josh	GK	 33000.00	33000.00
2008	LA	 Sesay	 Israel	 F	 45000.00	77083.33
2008	LA	 Tudela	Josh	M	17700.00	17700.00
2008	LA	 Vagenas	 Peter	M	144000.00	144000.00
2008	LA	 Valentin	Julian	 D	12900.00	12900.00
2008	LA	 Vanney	Greg	 D	91800.00	91800.00
2008	LA	 Wicks	 Josh	 GK	 38000.00	38000.00
2008	SJ	 Alvarez	 Arturo	 M	 166250.00	175587.50
2008	SJ	 Arce	Miguel	F	 12900.00	 12900.00
2008	SJ	 Ayres	 Jay	D	17700.00	 17700.00
2008	SJ	 Cannon	Joe	GK	213000.00	213000.00
2008	SJ	 Cochrane	Ryan	 D	132000.00	133250.00
2008	SJ	 Corrales	Ramiro	 M	190000.00	202500.00
2008	SJ	 Cunliffe	John	F	 35500.00	50500.00
2008	SJ	 Denton	Eric	 D	55200.00	 55200.00
2008	SJ	 Garcia	Nick	 D	 137812.00	142812.00
2008	SJ	 Ghebru	Michael	 F	 12900.00	 12900.00
2008	SJ	 Glinton	 Gavin	 F	 60000.00	 60000.00
2008	SJ	 Grabavoy	Ned	M	90000.00	 90000.00
2008	SJ	 Gray	Kelly	M	38247.00	 40579.13
2008	SJ	 Gustavson	 Michael	GK	 12900.00	 12900.00
2008	SJ	 Hatzke	Matt	 M	12900.00	 12900.00
2008	SJ	 Hernandez	 Jason	D	47250.00	 47875.00
2008	SJ	 Huckerby	Darren	F	330000.00	355000.00
2008	SJ	 Johnson	 Ryan	 M	33000.00	33000.00
2008	SJ	 Kirovski	Jovan	 F	 220000.00	220000.00
2008	SJ	 Lima	Francisco	M	195000.00	207000.00
2008	SJ	 O'Brien	 Ronnie	 M	240000.00	258750.00
2008	SJ	 Riley	 James	D	33000.00	33000.00
2008	SJ	 Roberts	 Jamil	D	17700.00	17700.00
2008	SJ	 Salinas	 Shea	M	33000.00	33000.00
2008	SJ	 Sealy	 Scott	F	 34728.75	34728.75
2008	SJ	 Smarte	Adam	 F	17700.00	17700.00
2008	SJ	 Somma	 Davide	M	12900.00	12900.00
2008	CHI	 Banner	Michael	D	12900.00	 12900.00
2008	CHI	 Blanco	Cuauhtemoc	 M	 2492316.00	2666778.00
2008	CHI	 Brown	 C.J.	 D	 111711.00	111711.00
2008	CHI	 Busch	 Jon	GK	 80000.00	 81250.00
2008	CHI	 Carr	Calen	 F	 50600.00	 63100.00
2008	CHI	 Conde	 Wilman	 D	156000.00	163500.00
2008	CHI	 Frankowski	Tomasz	F	198000.00	214250.00
2008	CHI	 Gutierrez	 Diego	D	 105000.00	107500.00
2008	CHI	 Herron	Andy	F	 90000.00	102500.00
2008	CHI	 Kasiguran	 Kai	 F	 12900.00	12900.00
2008	CHI	 Kettering	 Tyler	GK	 12900.00	12900.00
2008	CHI	 King	Stephen	M	17700.00	17700.00
2008	CHI	 Lowry	 Peter	M	 12900.00	12900.00
2008	CHI	 Mapp	Justin	 M	165000.00	200000.00
2008	CHI	 Marmol	Lidor	M	96000.00	 109750.00
2008	CHI	 McBride	 Brian	 F	 163999.92	189333.25
2008	CHI	 Noble	 Nick	 GK	 17700.00	17700.00
2008	CHI	 Nyarko	Patrick	 F	 55000.00	 135000.00
2008	CHI	 Pappa	 Marco	M	33000.00	33000.00
2008	CHI	 Pause	 Logan	M	81730.00	84230.00
2008	CHI	 Prideaux	Brandon	D	72000.00	72000.00
2008	CHI	 Robinson	Dasan	D	44625.00	44625.00
2008	CHI	 Rolfe	 Chris	F	 81375.00	86075.00
2008	CHI	 Segares	 Gonzalo	 D	58590.00	61090.00
2008	CHI	 Soumare	 Bakary	D	70000.00	 103000.00
2008	CHI	 Thorrington	 John	M	60000.00	61875.00
2008	CHI	 Washington	Austin	 D	12900.00	12900.00
2008	CHI	 Woolard	 Daniel	 D	17700.00	 17700.00
2008	CLB	 Burns	 Kevin	M	12900.00	 12900.00
2008	CLB	 Carroll	 Brian	M	 122500.00	126250.00
2008	CLB	 Ekpo	Emmanuel	 M	101500.00	123750.00
2008	CLB	 Elenio	Cory	 M	12900.00	12900.00
2008	CLB	 Evans	 Brad	 M	33000.00	 33000.00
2008	CLB	 Garey	 Jason	 F	 48125.00	 60625.00
2008	CLB	 Gaven	 Eddie	M	 165000.00	165000.00
2008	CLB	 Gruenebaum	Andy	 GK	 33000.00	 33000.00
2008	CLB	 Hejduk	Frankie	D	 150000.00	175000.00
2008	CLB	 Hendrickson	 Ezra	 D	72000.00	 72000.00
2008	CLB	 Hesmer	William	GK	 70000.00	70000.00
2008	CLB	 Iro	 Andy	 D	36000.00	53500.00
2008	CLB	 Josten	George	F	 12900.00	12900.00
2008	CLB	 Junge	 Ryan	 D	12900.00	12900.00
2008	CLB	 Lenhart	 Steven	F	 12900.00	12900.00
2008	CLB	 Marshall	Chad	 D	125000.00	148000.00
2008	CLB	 Miglioranzi	 Stefani	M	76200.00	84200.00
2008	CLB	 Moffat	Adam	 M	17700.00	17700.00
2008	CLB	 Moreno	Alejandro	 F	 126000.00	131000.00
2008	CLB	 Noonan	Pat	 F	 175008.00	175008.00
2008	CLB	 Nyazamba	Stanley	 F	 12900.00	12900.00
2008	CLB	 O'Rourke	Danny	D	59147.81	69147.81
2008	CLB	 Oughton	 Duncan	 D	75600.00	75600.00
2008	CLB	 Padula	Gino	 D	120000.00	145000.00
2008	CLB	 Peterson	Andrew	 D	12900.00	12900.00
2008	CLB	 Pierre-Louis	Ricardo	 F	 17700.00	17700.00
2008	CLB	 Plotkin	 Brian	M	12900.00	12900.00
2008	CLB	 Rogers	Robbie	 M	57500.00	57500.00
2008	CLB	 Schelotto	 Guillermo Barros	 F	 250000.00	375000.00
2008	CLB	 Schoeni	 Kenny	 GK	 17700.00	17700.00
2008	CLB	 Zayner	Jed	D	36300.00	43800.00
2008	DAL	 Avila	 Eric	 M	45000.00	 78000.00
2008	DAL	 Burse	 Ray	GK	 33000.00	 33000.00
2008	DAL	 Cooper	Kenny	 F	 80000.00	83000.00
2008	DAL	 Cunningham	Jeffrey	 F	 245000.00	257500.00
2008	DAL	 Daniels	 Andrew	 D	33000.00	33000.00
2008	DAL	 Davino	Dulio	D	400000.00	400000.00
2008	DAL	 Dello-Russo	 Michael	D	33000.00	33000.00
2008	DAL	 Guarda	Bruno	M	45000.00	65500.00
2008	DAL	 Lambo	 Josh	 GK	 45000.00	78000.00
2008	DAL	 McCarty	 Dax	M	45500.00	58000.00
2008	DAL	 Moor	Drew	 D	132000.00	149188.89
2008	DAL	 Oduro	 Dominic	 F	33000.00	33000.00
2008	DAL	 Pitchkolan	Aaron	D	33000.00	33000.00
2008	DAL	 Rhine	 Bobby	D	65000.00	67500.00
2008	DAL	 Ricchetti	 Pablo	M	132000.00	138625.00
2008	DAL	 Rocha	 Andre	M	135000.00	135000.00
2008	DAL	 Rowland	 Jeff	M	 17700.00	17700.00
2008	DAL	 Sala	Dario	 GK	 130000.00	139875.00
2008	DAL	 Saragosa	Marcelo	 M	70350.00	74635.71
2008	DAL	 Serioux	 Adrian	D	113400.00	125900.00
2008	DAL	 Shea	Brek	M	45000.00	78000.00
2008	DAL	 Sikora	Victor	M	144000.00	163285.71
2008	DAL	 Thompson	Abe	F	 33000.00	33000.00
2008	DAL	 Wadsworth	 Spencer	M	12900.00	12900.00
2008	DAL	 Wagenfuhr	 David	D	44500.00	45250.00
2008	DAL	 Wagner	Blake	D	36300.00	48800.00
2008	DAL	 Wallace	 Anthony	M	70000.00	 103000.00
2008	DAL	 Watson	Jaime	 F	 17700.00	17700.00
2008	DAL	 Wileman	 Chase	M	 17700.00	17700.00
2008	DC	Burch	 Marc	 D	33000.00	 33000.00
2008	DC	Carreiro da Silva	 Fred	 M	 210000.00	242000.00
2008	DC	Carroll	 Jeff	 D	12900.00	 12900.00
2008	DC	Carroll	 Pat	D	12900.00	12900.00
2008	DC	Cordeiro	Ryan	 M	17700.00	17700.00
2008	DC	Crayton	 Louis	GK	 168000.00	175857.14
2008	DC	Doe	 Francis	 F	 33000.00	40500.00
2008	DC	Dyachenko	 Rod	M	33000.00	33000.00
2008	DC	Emilio	Luciano	 F	 720000.00	758857.14
2008	DC	Gallardo	Marcelo	M	 1500000.00	1874006.00
2008	DC	Guerrero	Ivan	 M	 140000.00	147000.00
2008	DC	Janicki	 Greg	 D	12900.00	12900.00
2008	DC	Khumalo	 Thabiso	 F	 33000.00	33000.00
2008	DC	Kirk	Quavas	 M	100000.00	136500.00
2008	DC	Koroma	Ibrahim	D	17700.00	17700.00
2008	DC	Martinez	Gonzalo	D	228000.00	244750.00
2008	DC	McTavish	Devon	D	33000.00	33000.00
2008	DC	Mediate	 Domenic	M	 33000.00	33000.00
2008	DC	Miller	Ryan	 D	12900.00	12900.00
2008	DC	Moreno	Jaime	 F	 275000.00	275000.00
2008	DC	Namoff	Bryan	D	95000.00	98750.00
2008	DC	Olsen	 Ben	M	215000.00	215000.00
2008	DC	Peralta	 Gonzalo	D	180000.00	199000.00
2008	DC	Quaranta	Santino	M	35000.00	 35000.00
2008	DC	Simms	 Clyde	 M	57750.00	59000.00
2008	DC	Stratford	 Dan	 M	17700.00	17700.00
2008	DC	Thompson	Craig	 M	12900.00	12900.00
2008	DC	Thorpe	James	 GK	 12900.00	12900.00
2008	DC	Vide	Joe	M	17700.00	19128.57
2008	DC	Wells	 Zachary	GK	 52920.00	52920.00
2008	DC	Zaher	 Mike	 D	12900.00	12900.00
2008	KC	Arnaud	Davy	 M	 105000.00	106875.00
2008	KC	Conrad	Jimmy	D	213750.00	225000.00
2008	KC	Espinoza	Roger	M	45000.00	 78750.00
2008	KC	Gomez	 Hercules	F	51817.50	51817.50
2008	KC	Harrington	Michael	D	49600.00	 67100.00
2008	KC	Hartman	 Kevin	GK	150000.00	150000.00
2008	KC	Hohlbein	Aaron	D	33000.00	33000.00
2008	KC	Jewsbury	Jack	 D	55000.00	55000.00
2008	KC	Kraus	 Michael	M	12900.00	12900.00
2008	KC	Kronberg	Eric	 GK	 33000.00	33000.00
2008	KC	Leathers	Jonathan	 D	17700.00	17700.00
2008	KC	Lopez	 Claudio	 F	 720000.00	820000.00
2008	KC	Marinelli	 Carlos	 M	115000.00	115000.00
2008	KC	Marquess	Matt	 D	12900.00	12900.00
2008	KC	McKenzie	Rauwshan	 D	12900.00	12900.00
2008	KC	Morsink	 Kurt	 M	33000.00	33000.00
2008	KC	Myers	 Chance	 D	70000.00	 130000.00
2008	KC	Pardo	 Boris	GK	 12900.00	12900.00
2008	KC	Pizarro	 Nelson	 M	12900.00	12900.00
2008	KC	Pore	Ryan	F	 54807.50	67307.50
2008	KC	Souter	Kevin	 M	12900.00	12900.00
2008	KC	Trujillo	Ivan	 F	 70000.00	70000.00
2008	KC	Wahl	Tyson	D	33000.00	33000.00
2008	KC	Watson	Lance	M	17700.00	17700.00
2008	KC	Wolff	 Josh	F	 200004.00	200004.00
2008	KC	Zavagnin	Kerry	M	169400.00	169400.00
2008	NE	Albright	Chris	D	 160000.00	160000.00
2008	NE	Badilla	 Gabriel	D	 138000.00	138000.00
2008	NE	Brill	 Sam	D	12900.00	 12900.00
2008	NE	Castro	Mauricio	 M	90000.00	96250.00
2008	NE	Cristman	Adam	F	 33000.00	33000.00
2008	NE	Dube	Mkhokheli	 F	 17700.00	17700.00
2008	NE	Flood	 Gary	 M	17700.00	 17700.00
2008	NE	Germanese	 Joe	M	12900.00	 12900.00
2008	NE	Heaps	 Jay	D	 110000.00	116000.00
2008	NE	Igwe	Amaechi	D	70000.00	 103000.00
2008	NE	Joseph	Shalrie	M	300000.00	325000.00
2008	NE	Knighton	Brad	 GK	 17700.00	17700.00
2008	NE	Larentowicz	 Jeff	 M	33000.00	33000.00
2008	NE	Mansally	Abdoulie	F	 33000.00	33000.00
2008	NE	Manzonelli	Brandon	M	12900.00	12900.00
2008	NE	Nyassi	Sainey	 M	33000.00	33000.00
2008	NE	Parkhurst	 Michael	D	135382.50	147882.50
2008	NE	Phelan	Pat	M	33000.00	33000.00
2008	NE	Ralston	 Steve	M	150000.00	150000.00
2008	NE	Reis	Matt	 GK	 161250.00	161250.00
2008	NE	Smith	 Khano	 M	46305.00	46305.00
2008	NE	Thompson	Wells	 M	33000.00	33000.00
2008	NE	Tierney	 Chris	 D	12900.00	12900.00
2008	NE	Twellman	Taylor	 F	 325008.00	350008.00
2008	NE	Tyler	 Brandon	 D	12900.00	12900.00
2008	NE	Valentino	 Rob	D	 36000.00	53500.00
2008	NE	Warren	Doug	 GK	 52500.00	52500.00
2008	NY	Angel	 Juan Pablo	F	1500000.00	1593750.00
2008	NY	Borman	Danleigh	 M	17700.00	 17700.00
2008	NY	Boss	Terry	GK	 33000.00	 35500.00
2008	NY	Boyens	Andrew	 D	41250.00	 43750.00
2008	NY	Cepero	Daniel	 GK	 12900.00	12900.00
2008	NY	Cichero	 Gabriel	D	156000.00	157500.00
2008	NY	Conway	Jon	GK	 115000.00	115000.00
2008	NY	Echeverry	 Oscar	 F	 80000.00	80000.00
2008	NY	Gilkerson	 John	 D	12900.00	 12900.00
2008	NY	Goldthwaite	 Kevin	D	68750.00	 77750.00
2008	NY	Jimenez	 Diego	D	12900.00	12900.00
2008	NY	Kandji	Macoumba	F	 36000.00	56988.37
2008	NY	Kljestan	Gordon	 M	12900.00	12900.00
2008	NY	Leitch	Chris	D	60000.00	60000.00
2008	NY	M'Buta	Andongcho	M	12900.00	12900.00
2008	NY	Magee	 Mike	F	 64637.19	65637.19
2008	NY	Mendes	Carlos	 D	70986.56	70986.56
2008	NY	Palacio	 Mike	 M	12900.00	12900.00
2008	NY	Parke	 Jeff	 D	57487.50	58737.50
2008	NY	Patterson	 Caleb	GK	 12900.00	12900.00
2008	NY	Pietravallo	 Juan	 M	 192000.00	192000.00
2008	NY	Richards	Dane	 M	33000.00	33000.00
2008	NY	Rojas	 Jorge	 M	84000.00	94000.00
2008	NY	Roth	David	 M	12900.00	12900.00
2008	NY	Sassano	 Luke	M	17700.00	17700.00
2008	NY	Stammler	Seth	M	105000.00	 105000.00
2008	NY	Touray	Sainey	 F	 12900.00	12900.00
2008	NY	Ubiparipovic	Sinisa	 M	33000.00	33000.00
2008	NY	Van Den Bergh	 Dave	 M	240000.00	274583.33
2008	NY	Wolyniec	John	F	 68906.25	68906.25
2008	RSL	 Beckerman	 Kyle	 M	 143000.00	145500.00
2008	RSL	 Beltran	 Anthony	D	55000.00	 90500.00
2008	RSL	 Besagno	 Nikolas	D	 100000.00	136500.00
2008	RSL	 Borchers	Nat	D	120000.00	127500.00
2008	RSL	 Cutler	Kenny	M	36000.00	36000.00
2008	RSL	 Deuchar	 Kenny	 F	 135000.00	145000.00
2008	RSL	 Espindola	 Fabian	F	 75000.00	 75000.00
2008	RSL	 Findley	 Robert	F	47100.00	59600.00
2008	RSL	 Horst	 David	D	33000.00	33000.00
2008	RSL	 Johnson	 Will	F	 39000.00	52571.43
2008	RSL	 Joy	 Ian	D	120000.00	120000.00
2008	RSL	 Kirby	 Dustin	 D	17700.00	17700.00
2008	RSL	 Kovalenko	 Dema	 M	200000.00	207618.75
2008	RSL	 Mathis	Clint	M	99999.96	99999.96
2008	RSL	 Morales	 Javier	 M	240000.00	240000.00
2008	RSL	 Movsisyan	 Yura	F	 47575.00	57575.00
2008	RSL	 Nimo	Alex	 M	45000.00	78000.00
2008	RSL	 Nunez	 Tino	F	 17700.00	17700.00
2008	RSL	 Olave	 Jamison	D	80000.00	80000.00
2008	RSL	 Reiman	Kevin	M	12900.00	12900.00
2008	RSL	 Reynish	 Kyle	 GK	 17700.00	17700.00
2008	RSL	 Rimando	 Nick	 GK	 91500.00	95843.75
2008	RSL	 Russell	 Robbie	M	95016.00	 100767.43
2008	RSL	 Seitz	 Chris	 GK	 70000.00	 105500.00
2008	RSL	 Sturgis	 Nathan	M	75000.00	 108000.00
2008	RSL	 Tennelle	Brennan	 M	12900.00	12900.00
2008	RSL	 Williams	Andy	 M	80000.00	80000.00
2008	RSL	 Wingert	 Chris	D	65000.00	65000.00
2008	TFC	 Attakora-Gyan	 Nana	 D	12900.00	 12900.00
2008	TFC	 Barrett	 Chad	F	 53773.13	 61273.13
2008	TFC	 Brennan	 Jim	D	 175000.00	183250.00
2008	TFC	 Dichio	Daniel	F	 157500.00	165625.00
2008	TFC	 Dunivant	Todd	 D	104737.50	104737.50
2008	TFC	 Edwards	 Brian	GK	 36000.00	44750.00
2008	TFC	 Elkinson	Kilian	 M	12900.00	12900.00
2008	TFC	 Freeman	 Hunter	 D	61160.00	 71160.00
2008	TFC	 Gala	Gabe	 D	12900.00	 12900.00
2008	TFC	 Gaudet	Derek	 F	 12900.00	 12900.00
2008	TFC	 Guevara	 Amado	M	 162000.00	185750.00
2008	TFC	 Harmse	Kevin	M	72000.00	 72000.00
2008	TFC	 Ibrahim	 Abdus	 F	 70000.00	 103000.00
2008	TFC	 James	 Julius	 D	36000.00	44750.00
2008	TFC	 Marshall	Tyrone	 D	150000.00	153750.00
2008	TFC	 Melo	Joey	 M	12900.00	12900.00
2008	TFC	 Ricketts	Rohan	M	200004.00	212504.00
2008	TFC	 Robinson	Carl	 M	315000.00	330000.00
2008	TFC	 Rosenlund	 Tyler	 M	17700.00	17700.00
2008	TFC	 Ruiz	Carlos	 F	 350000.00	460000.00
2008	TFC	 Smith	 Jarrod	 F	 36000.00	36000.00
2008	TFC	 Smith	 Johann	 F	 36000.00	47666.67
2008	TFC	 Sutton	Greg	GK	 150000.00	157562.50
2008	TFC	 Velez	 Marco	D	60000.00	60500.00
2008	TFC	 Wynne	 Marvell	D	47500.00	 150000.00
2008	CHV	Bornstein	 Jonathan	 D	77500.00	 77500.00
2008	CHV	Braun	 Justin	F	 12900.00	12900.00
2008	CHV	Burling	 Bobby	D	17700.00	 17700.00
2008	CHV	Chiles	Kraig	M	12900.00	12900.00
2008	CHV	Curtin	Jim	D	 104004.00	104004.00
2008	CHV	Ebert	 Eric	 D	12900.00	12900.00
2008	CHV	Eskandarian	 Alecko	F	 123500.00	131041.25
2008	CHV	Ferreira	Dejair	 M	96000.00	185230.77
2008	CHV	Flores	Jorge	 F	 17700.00	 17700.00
2008	CHV	Galindo	 Maykel	F	 79750.00	 79750.00
2008	CHV	Guzan	 Brad	 GK	 88974.38	103974.38
2008	CHV	Hamilton	Anthony	 F	 17700.00	 17700.00
2008	CHV	Harris	Atiba	 F	 57000.00	 60000.00
2008	CHV	Kennedy	 Dan	GK	 33000.00	33000.00
2008	CHV	Kljestan	Sacha	M	95000.00	 128000.00
2008	CHV	Marsch	Jesse	M	150000.00	159375.00
2008	CHV	Mayen	 Gerson	 M	12900.00	12900.00
2008	CHV	Mendoza	 Francisco	M	105000.00	105000.00
2008	CHV	Nagamura	Paulo	M	93712.50	93712.50
2008	CHV	Nurse	 Roberto	 F	 12900.00	12900.00
2008	CHV	Paladini	Daniel	 M	12900.00	12900.00
2008	CHV	Parker	Lance	GK	 12900.00	12900.00
2008	CHV	Razov	 Ante	F	 255000.00	258750.00
2008	CHV	Savage	Keith	F	 12900.00	12900.00
2008	CHV	Suarez	Claudio	 D	125000.00	137500.00
2008	CHV	Talley	Carey	 D	105000.00	105000.00
2008	CHV	Thomas	Shavar	D	95000.00	98750.00
2008	CHV	Thornton	Zach	GK	 50000.00	52500.00
2008	CHV	Vaughn	Lawson	 D	33000.00	33000.00
2008	CHV	Victorine	 Sasha	M	151250.00	153750.00
2008	CHV	Wicky	 Raphael	M	149583.29	159583.29
2008	CHV	Zotinca	 Alex	 D	70875.00	72125.00
2008	COL	Ballouchy	 Mehdi	M	75000.00	 93000.00
2008	COL	Burciaga	Jose	 D	80000.00	 82500.00
2008	COL	Burpo	 Preston	GK	 55116.18	 55116.18
2008	COL	Casey	 Conor	 F	 190008.00	190008.00
2008	COL	Clark	 Colin	M	33000.00	33000.00
2008	COL	Colaluca	Nico	 M	70000.00	 103000.00
2008	COL	Cooke	 Terry	M	167500.00	172500.00
2008	COL	Coundoul	Bouna	GK	 33000.00	33000.00
2008	COL	Cummings	Omar	F	 33000.00	33000.00
2008	COL	Dalby	 Greg	 M	33000.00	33000.00
2008	COL	DiRaimondo	John	 M	17700.00	17700.00
2008	COL	Erpen	 Facundo	D	125000.00	125000.00
2008	COL	Gibbs	 Cory	 D	96000.00	103142.86
2008	COL	Gomez	 Christian	M	 385000.00	430000.00
2008	COL	Grazier	 Brian	M	12900.00	 12900.00
2008	COL	Harvey	Jordan	 D	33000.00	 33000.00
2008	COL	Hughes	Justin	 GK	 12900.00	12900.00
2008	COL	Ihemelu	 Ugo	D	60500.00	60500.00
2008	COL	Keel	Stephen	D	17700.00	17700.00
2008	COL	Kimura	Kosuke	 D	17700.00	 17700.00
2008	COL	LaBrocca	Nick	 M	12900.00	12900.00
2008	COL	Mastroeni	 Pablo	M	300000.00	318000.00
2008	COL	McManus	 Tom	 F	 134400.00	140462.50
2008	COL	O'Brien	 Ciaran	 M	45000.00	78750.00
2008	COL	Peterson	Jacob	 F	 75000.00	93750.00
2008	COL	Petke	 Mike	 D	133000.00	133000.00
2008	COL	Sarkodie	Kwame	 D	12900.00	12900.00
2008	COL	Ward	Tim	D	44620.00	54620.00
2008	COL	Zambrano	Cesar	M	12900.00	12900.00
2008	HOU	Alcaraz	 Johnny	 M	12900.00	 12900.00
2008	HOU	Ashe	Corey	M	33000.00	 33000.00
2008	HOU	Barrett	 Wade	 D	 148838.00	148838.00
2008	HOU	Boswell	 Robert	 D	33000.00	 33000.00
2008	HOU	Brown	 Kyle	F	 33000.00	 33000.00
2008	HOU	Caig	Tony	 GK	 52596.00	 52596.00
2008	HOU	Cameron	 Geoff	M	33000.00	 33000.00
2008	HOU	Chabala	 Michael	M	 17700.00	17700.00
2008	HOU	Ching	 Brian	 F	 231000.00	231000.00
2008	HOU	Clark	 Ricardo	M	225500.00	225500.00
2008	HOU	Davis	 Brad	 M	126000.00	126000.00
2008	HOU	DeRosario	 Dwayne	 M	324999.96	324999.96
2008	HOU	Hatzke	Nick	 M	12900.00	 12900.00
2008	HOU	Hayden	John-Michael	 M	17700.00	 17700.00
2008	HOU	Holden	Stuart	 M	33075.00	33075.00
2008	HOU	Ianni	 Patrick	D	75000.00	 108000.00
2008	HOU	Jaqua	 Nate	F	 156000.00	174125.00
2008	HOU	Kamara	Kei	 F	 47850.00	57850.00
2008	HOU	Kpene	 Guy	 F	 12900.00	12900.00
2008	HOU	Mullan	Brian	M	156240.00	165552.50
2008	HOU	Mulrooney	 Richard	M	157500.00	157500.00
2008	HOU	Onstad	Pat	GK	 173000.00	173000.00
2008	HOU	Robinson	Eddie	D	131250.00	131250.00
2008	HOU	Ustruck	 Erik	 M	12900.00	12900.00
2008	HOU	Waibel	Craig	D	70008.00	70008.00
2008	HOU	Waller	Corbin	 GK	 12900.00	12900.00
2008	HOU	Wondolowski	 Chris	M	33000.00	33000.00
2008	HOU	Wondolowski	 Stephen	D	12900.00	12900.00
2008	Pool	 Angulo	Jose	F	 12900.00	 12900.00
2008	Pool	 Graczyk	 Mike	 GK	 17700.00	 17700.00
2008	Pool	 Kartunen	Andrew	 GK	12900.00	12900.00
2008	Pool	 Monsalve	David	GK	 33000.00	 33000.00
2008	Pool	 Rueckner	Bryant	GK	 17700.00	17700.00
2008	Pool	 Sharpe	Christopher	 GK	 33000.00	33000.00
2008	SEA	Le Toux	 Sebastian	M	84000.00	96000.00
2008	SEA	Nyassi	Sanna	M	33000.00	33000.00
2009	LA	 Beckham	 David	 M	5500000.08	6500000.04
2009	LA	 Berhalter	 Gregg	 D	144000.00	162750.00
2009	LA	 Birchall	Chris	 M	 84000.00	 97125.00
2009	LA	 Bowen	 Tristan	F	65000.00	 96363.63
2009	LA	 Buddle	Edson	F	 169950.00	179950.00
2009	LA	 DeLaGarza	 AJ	 D	 36000.00	 36000.00
2009	LA	 Donovan	 Landon	F	 900000.00	 900000.00
2009	LA	 Dunivant	Todd	 D	109974.38	 109974.38
2009	LA	 Eskandarian	 Alecko	F	 135850.00	 143391.25
2009	LA	 Franklin	Sean	 D	 64350.00	76850.00
2009	LA	 Gonzalez	Omar	 D	65000.00	142000.00
2009	LA	 Gordon	Alan	F	79754.40	79754.40
2009	LA	 Griffin	 Leonard	D	 37000.00	39500.00
2009	LA	 Jordan	Bryan	F	34000.00	34000.00
2009	LA	 Kirovski	Jovan	F	80000.00	80000.00
2009	LA	 Klein	 Chris	 D	175000.00	 175000.00
2009	LA	 Kovalenko	 Dema	M	130000.00	 137618.75
2009	LA	 Lewis	 Eddie	M	160008.00	165722.29
2009	LA	 Magee	 Mike	 F	 70000.00	 72500.00
2009	LA	 Marshall	Yohance	D	 20100.00	 20100.00
2009	LA	 Miglioranzi	 Stefani	M	 69999.96	 79499.96
2009	LA	 Patterson	 Kyle	M	 20100.00	20100.00
2009	LA	 Ricketts	Donovan	 GK	 150000.00	 150000.00
2009	LA	 Sanneh	Tony	D	 84000.00	85250.00
2009	LA	 Saunders	Josh	 GK	41340.00	44473.75
2009	LA	 Sesay	 Israel	F	70000.00	 102083.33
2009	LA	 Valentin	Julian	D	36000.00	36000.00
2009	SJ	 Alvarez	 Arturo	 M-F	 174750.00	184087.50
2009	SJ	 Amarikwa	Quincy	 F	34000.00	 34000.00
2009	SJ	 Burling	 Bobby	 D	 34000.00	 34000.00
2009	SJ	 Cannon	Joe	 GK	 180500.00	190756.25
2009	SJ	 Convey	Bobby	M	222000.00	 244500.00
2009	SJ	 Corrales	Ramiro	 M	190000.00	 202500.00
2009	SJ	 Elliot	Simon	M	 80640.00	87315.00
2009	SJ	 Glen	Cornell	 F	73020.00	87895.00
2009	SJ	 Graczyk	 Mike	 GK	20100.00	20100.00
2009	SJ	 Hernandez	 Jason	 D	100000.00	 100000.00
2009	SJ	 Huckerby	Darren	 F	 360000.00	 385000.00
2009	SJ	 Johnson	 Ryan	M	70000.00	70000.00
2009	SJ	 Leitch	Chris	D	 87000.00	 87000.00
2009	SJ	 Luiz Moreira	Andre	M	 36000.00	 36000.00
2009	SJ	 McDonald	Brandon	M	 20100.00	 20100.00
2009	SJ	 Pitchkolan	Aaron	 D	 50000.00	51250.00
2009	SJ	 Ribeiro	 Antonio	 M	 51000.00	 51000.00
2009	SJ	 Roberts	 Jamil	 D	 20100.00	20100.00
2009	SJ	 Salinas	 Shea	M	 36300.00	36300.00
2009	SJ	 Sanchez	 Ramon	 M	 72000.00	82050.00
2009	SJ	 Weber	 Andrew	 GK	37500.00	37500.00
2009	SJ	 Wondolowski	 Chris	M	 34650.00	34650.00
2009	SJ	 Zaher	 Michael	D	 20100.00	20100.00
2009	CHI	 Banner	Michael	 D	 34000.00	 34000.00
2009	CHI	 Blanco	Cuauhtemoc	M	2769240.00	2943702.00
2009	CHI	 Brown	 C.J.	D	 91200.00	 96000.00
2009	CHI	 Busch	 Jon	 GK	 135000.00	136350.00
2009	CHI	 Carr	Calen	F	58410.00	 70910.00
2009	CHI	 Conde	 Wilman	 D	168000.00	 188000.00
2009	CHI	 Dimitrov	Stefan	F	34008.00	34008.00
2009	CHI	 Dykstra	 Andrew	 GK	34000.00	34000.00
2009	CHI	 Husidic	 Baggio	M	 55000.00	97000.00
2009	CHI	 Lowry	 Peter	 F-M	20100.00	 20100.00
2009	CHI	 Mapp	Justin	 M	220000.00	255000.00
2009	CHI	 McBride	 Brian	F	360000.00	385333.33
2009	CHI	 Myrie	 Dave	 D	 34000.00	 34000.00
2009	CHI	 Nyarko	Patrick	F	 80000.00	160000.00
2009	CHI	 Pappa	 Marco	 M	 42000.00	42000.00
2009	CHI	 Pause	 Logan	 M	145000.00	 153125.00
2009	CHI	 Prideaux	Brandon	 D	 75600.00	75600.00
2009	CHI	 Robinson	Dasan	 D	 46856.25	46856.25
2009	CHI	 Rolfe	 Chris	F	95550.00	 100250.00
2009	CHI	 Segares	 Gonzalo	 D	61519.50	64019.50
2009	CHI	 Thorrington	 John	M	63000.00	64875.00
2009	CHI	 Ward	Tim	 D	45000.00	45000.00
2009	CHI	 Washington	Austin	D	20100.00	20100.00
2009	CHI	 Woolard	 Daniel	 D	 34000.00	34000.00
2009	CLB	 Brunner	 Eric	D	 34008.00	 34008.00
2009	CLB	 Burns	 Kevin	 M	 20100.00	 20100.00
2009	CLB	 Carroll	 Brian	M	133875.00	 137625.00
2009	CLB	 Ekpo	Emmanuel	 M	125000.00	 147250.00
2009	CLB	 Elenio	Cory	 M	 20100.00	20100.00
2009	CLB	 Garey	 Jason	 F	52937.50	65437.50
2009	CLB	 Gaven	 Eddie	 M-F	 173250.00	 173250.00
2009	CLB	 Grendi	Alex	 M	 20100.00	20100.00
2009	CLB	 Gruenebaum	Andy	 GK	34650.00	 34650.00
2009	CLB	 Hejduk	Frankie	D	150000.00	 175000.00
2009	CLB	 Hesmer	William	 GK	77000.00	77000.00
2009	CLB	 Iro	 Andy	D	 45100.00	62600.00
2009	CLB	 Lenhart	 Steven	 F	 34000.00	 36333.34
2009	CLB	 Marshall	Chad	 D	250000.00	320000.00
2009	CLB	 Moffat	Adam	 M	 48000.00	 48000.00
2009	CLB	 Moreno	Alejandro	F	132300.00	137300.00
2009	CLB	 Nyazamba	Stanley	F	 34000.00	 34000.00
2009	CLB	 O'Rourke	Danny	 D	 90000.00	 102500.00
2009	CLB	 Oughton	 Duncan	D	 42492.00	42492.00
2009	CLB	 Padula	Gino	D	150000.00	 175000.00
2009	CLB	 Renteria	Emilio	 F	90000.00	91875.00
2009	CLB	 Rogers	Robbie	 M-F	92500.00	92500.00
2009	CLB	 Schelotto	 Guillermo Barros	F-M	650000.00	 775000.00
2009	CLB	 Schoeni	 Kenny	GK	34000.00	34000.00
2009	CLB	 Zayner	Jed	D	 39930.00	47430.00
2009	DAL	 Avila	 Eric	M	 70000.00	103000.00
2009	DAL	 Benitez	 Jair	D	 36000.00	 36000.00
2009	DAL	 Burse	 Ray	 GK	34650.00	 34650.00
2009	DAL	 Chavez	Marvin	 M	 60000.00	70000.00
2009	DAL	 Cunningham	Jeffrey	 F	 209170.00	 219295.00
2009	DAL	 Davies	Kyle	 D	 50004.00	50004.00
2009	DAL	 Ferreira	David	 M-F	300000.00	300000.00
2009	DAL	 Guarda	Bruno	M	 70000.00	90500.00
2009	DAL	 Harris	Atiba	 M-F	62700.00	65700.00
2009	DAL	 Hernandez	 Daniel	M-D	35352.00	42852.00
2009	DAL	 Ihemelu	 Ugo	 D	140000.00	 140000.00
2009	DAL	 John	George	D	 34008.00	34008.00
2009	DAL	 Lambo	 Josh	GK	70000.00	 103000.00
2009	DAL	 Leyva	 Bryan	M	45000.00	75833.32
2009	DAL	 Marosevic	 Peri	 F	 55000.00	104000.00
2009	DAL	 McCarty	 Dax	M	 55605.00	 68105.00
2009	DAL	 Pearce	Heath	 D	 48000.00	57500.00
2009	DAL	 Purdy	 Steven	D	40000.00	40000.00
2009	DAL	 Ricchetti	 Pablo	 M	145200.00	 151825.00
2009	DAL	 Rocha	 Andre	 M	140000.00	 140000.00
2009	DAL	 Sala	Dario	 GK	 140000.00	 158125.00
2009	DAL	 Shea	Brek	 M-D	 70000.00	 103000.00
2009	DAL	 Torres	Daniel	D	 100000.00	 110000.00
2009	DAL	 Van Den Bergh	 Dave	M	 210000.00	 227000.00
2009	DAL	 Wagner	Blake	 D	50930.00	63430.00
2009	DAL	 Wallace	 Anthony	D-M	 75000.00	 108000.00
2009	DC	Allen	 Ely	F-M	15300.00	 15300.00
2009	DC	Barklage	Brandon	M-F	20100.00	 20100.00
2009	DC	Burch	 Marc	D	 60000.00	 62500.00
2009	DC	Carreiro	Fred	 M-F	 225000.00	257000.00
2009	DC	DiRaimondo	John	 M	 20100.00	20100.00
2009	DC	Emilio	Luciano	 F	 720000.00	 758857.14
2009	DC	Gomez	 Christian	M	255000.00	 321250.00
2009	DC	Habarugira	David	D	 48000.00	55500.00
2009	DC	Hamid	 Bill	 GK	20100.00	26766.66
2009	DC	Jacobson	Andrew	M	 34000.00	34000.00
2009	DC	Jakovic	 Dejan	 D	 90000.00	 108812.50
2009	DC	James	 Julius	D	 42350.00	51100.00
2009	DC	Janicki	 Greg	D	 34000.00	34000.00
2009	DC	John	Avery	 D	 60000.00	63625.00
2009	DC	Khumalo	 Thabiso	M-F	34650.00	34650.00
2009	DC	Kocic	 Milos	 GK	20100.00	20100.00
2009	DC	McTavish	Devon	 D-M	50000.00	 52500.00
2009	DC	Moreno	Jaime	F	350000.00	355000.00
2009	DC	N'Silu	Ange	 F	 65004.00	 76254.00
2009	DC	Namoff	Bryan	D	100000.00	105000.00
2009	DC	Olsen	 Ben	 M	 225000.00	225000.00
2009	DC	Pontius	 Chris	M-F	36000.00	66000.00
2009	DC	Quaranta	Santino	M-F	70000.00	72500.00
2009	DC	Shipalane	 Tiyiselani	M	15300.00	16300.00
2009	DC	Simms	 Clyde	 M	 150000.00	 156000.00
2009	DC	Szetela	 Danny	 M	90000.00	90000.00
2009	DC	Vaughn	Lawson	D	34650.00	34650.00
2009	DC	Wallace	 Rodney	 M-D	 55000.00	 104000.00
2009	DC	Wicks	 Josh	 GK	42000.00	42000.00
2009	KC	Arnaud	Davy	M	220000.00	228750.00
2009	KC	Besler	Matt	D	36000.00	47250.00
2009	KC	Conrad	Jimmy	D	213750.00	 225000.00
2009	KC	Cristman	Adam	F	34650.00	34650.00
2009	KC	Espinoza	Roger	M	 70000.00	 103750.00
2009	KC	Gomez	 Herculez	M-F	54408.38	54408.38
2009	KC	Harrington	Michael	 M-D	64560.00	82060.00
2009	KC	Hartman	 Kevin	GK	 165000.00	 165000.00
2009	KC	Hercegfalvi	 Zoltan	F	 168000.00	 168000.00
2009	KC	Hirsig	Santiago	M	 75000.00	75000.00
2009	KC	Hohlbein	Aaron	 D	 34650.00	34650.00
2009	KC	Jewsbury	Jack	D	130000.00	 139125.00
2009	KC	Kamara	Kei	F	55385.00	65385.00
2009	KC	Kraus	 Michael	M-F	34000.00	34000.00
2009	KC	Kronberg	Eric	GK	34650.00	34650.00
2009	KC	Leathers	Jonathan	D	 34000.00	34000.00
2009	KC	Lopez	 Claudio	F	180000.00	180000.00
2009	KC	Marquess	Matt	 D	 20100.00	 20100.00
2009	KC	McKenzie	Rauwshan	 D	34008.00	34008.00
2009	KC	Morsink	 Kurt	 M	 34650.00	 34650.00
2009	KC	Myers	 Chance	D-M	70000.00	130000.00
2009	KC	Pardo	 Boris	 GK	20100.00	20100.00
2009	KC	Souter	Kevin	 M	34000.00	34000.00
2009	KC	Watson	Lance	 M	34000.00	34000.00
2009	KC	Wolff	 Josh	F	 200004.00	 200004.00
2009	KC	Zusi	Graham	F-M	34008.00	34008.00
2009	NE	Albright	Chris	 D	176000.00	176000.00
2009	NE	Alston	Kevin	 D	55000.00	104000.00
2009	NE	Badilla	 Gabriel	 D	138000.00	138000.00
2009	NE	Barnes	Darrius	 D	 34008.00	 34008.00
2009	NE	Castro	Mauricio	 M	120000.00	 126250.00
2009	NE	Colaluca	Nico	 M	 75000.00	 108000.00
2009	NE	Dube	Mkhokheli	 F	34650.00	34650.00
2009	NE	Heaps	 Jay	D	120000.00	 126000.00
2009	NE	Igwe	Amaechi	 D	 75000.00	 108000.00
2009	NE	Jankauskas	Edgaras	F	 240000.00	 240000.00
2009	NE	Joseph	Shalrie	 M	425000.00	 450000.00
2009	NE	Knighton	Brad	GK	34000.00	34000.00
2009	NE	Larentowicz	 Jeff	M	 34650.00	34650.00
2009	NE	Mansally	Abdoulie	F-M	34650.00	 34650.00
2009	NE	Nyassi	Sainey	 M	 34650.00	 34650.00
2009	NE	Ombiogno	Stephane	 F	35652.00	43777.00
2009	NE	Osei	Emmanuel	D	 45000.00	50625.00
2009	NE	Phelan	Pat	 M	 34650.00	34650.00
2009	NE	Ralston	 Steve	F-M	 150000.00	 150000.00
2009	NE	Reis	Matt	GK	 173343.75	 173343.75
2009	NE	Shuttleworth	Robert	 GK	20100.00	20100.00
2009	NE	Thompson	Wells	 M	34650.00	34650.00
2009	NE	Tierney	 Chris	D-M	 34000.00	34000.00
2009	NE	Twellman	Taylor	F	 395000.00	 420000.00
2009	NE	Videira	 Michael	 M	34000.00	34000.00
2009	NY	Angel	 Juan Pablo	 F	 1500000.00	1798000.00
2009	NY	Borman	Danleigh	 D-M	20100.00	 20100.00
2009	NY	Boyens	Andrew	D	 49550.00	 52050.00
2009	NY	Celades	 Albert	 M	100000.00	 125625.00
2009	NY	Cepero	Daniel	 GK	 34000.00	34000
2009	NY	Chirgadze	 Giorgi	F	20100.00	20100.00
2009	NY	Coundoul	Bouna	GK	 123999.96	 125249.96
2009	NY	Garcia	Walter Ariel	 D	 36000.00	36000.00
2009	NY	Goldthwaite	 Kevin	D	102000.00	 111000.00
2009	NY	Hall	Jeremy	 M	 55000.00	 104000.00
2009	NY	Johnson	 Carlos	D	 90000.00	 110750.00
2009	NY	Kandji	Macoumba	 F	70000.00	90988.37
2009	NY	Krupnik	 Leonid	D	144000.00	 144000.00
2009	NY	M'Buta	Matthew	M	 20100.00	 20100.00
2009	NY	Mendes	Carlos	 D	 85000.00	 88125.00
2009	NY	Oebster	 Ernst	 M	 36000.00	36000.00
2009	NY	Petke	 Mike	D	 80000.04	80000.04
2009	NY	Richards	Dane	 M-F	 125000.00	 136500.00
2009	NY	Rojas	 Jorge	 M	120000.00	 130000.00
2009	NY	Sassano	 Luke	 M-D	 34000.00	34000.00
2009	NY	Stammler	Seth	M	 118000.00	 118000.00
2009	NY	Ubiparipovic	Sinisa	M	34650.00	34650.00
2009	NY	Wolyniec	John	F	80000.00	80000.00
2009	NY	Zimmerman	 Nick	 D	 20100.00	20100.00
2009	RSL	 Alexandre	 Jean	M	 34000.00	 34000.00
2009	RSL	 Beckerman	 Kyle	M	160650.00	163150.00
2009	RSL	 Beltran	 Anthony	 D	 70000.00	105500.00
2009	RSL	 Borchers	Nat	 D	130000.00	137500.00
2009	RSL	 Campos	Pablo	F	65000.00	 69846.72
2009	RSL	 Cox	 Raphael	D	 20100.00	20100.00
2009	RSL	 El Khalifi	Rachid	M-F	84996.00	 102996.00
2009	RSL	 Espindola	 Fabian	F	42000.00	42000.00
2009	RSL	 Findley	 Robert	F	60060.00	72560.00
2009	RSL	 Gonzalez	Nelson	M-F	36000.00	36000.00
2009	RSL	 Grabavoy	Ned	M	 83600.00	83600.00
2009	RSL	 Horst	 David	 D	 34000.00	34000.00
2009	RSL	 Johnson	 Will	 F	51200.00	64771.43
2009	RSL	 Mathis	Clint	M	115000.00	115000.00
2009	RSL	 Morales	 Javier	 M	150000.00	 200000.00
2009	RSL	 Movsisyan	 Yura	 F	 60582.50	 70582.50
2009	RSL	 Nimo	Alex	F-M	70000.00	103000.00
2009	RSL	 Nunez	 Tino	 M	 20100.00	 20100.00
2009	RSL	 Olave	 Jamison	 D	157500.00	 172500.00
2009	RSL	 Reynish	 Kyle	GK	34000.00	34000.00
2009	RSL	 Rimando	 Nick	GK	 105000.00	 116000.00
2009	RSL	 Russell	 Robbie	 D-M	97583.50	 103334.93
2009	RSL	 Seitz	 Chris	GK	75000.00	 110500.00
2009	RSL	 Williams	Andy	 M	84000.00	84000.00
2009	RSL	 Wingert	 Chris	D	105000.00	 105000.00
2009	TFC	 Attakora-Gyan	 Nana	D	 34000.00	 34000.00
2009	TFC	 Barrett	 Chad	 F	 195000.00	202500.00
2009	TFC	 Brennan	 Jim	 D	185000.00	193250.00
2009	TFC	 Cronin	Sam	M	 36000.00	84000.00
2009	TFC	 de Guzman	 Julian	 M	909600.00	 956350.00
2009	TFC	 DeRosario	 Dwayne	 M	357000.00	 425750.00
2009	TFC	 Dichio	Daniel	F	 120000.00	 120000.00
2009	TFC	 Edwards	 Brian	GK	39600.00	48350.00
2009	TFC	 Fellinga	Lesly	D	 36000.00	36000.00
2009	TFC	 Frei	Stefan	 GK	65000.00	 120000.00
2009	TFC	 Gala	Gabe	D-M	20100.00	20100.00
2009	TFC	 Garcia	Nick	 D	190000.00	 198750.00
2009	TFC	 Gerba	 Ali	 F	 144996.00	 177433.50
2009	TFC	 Gomez	 Emmanuel	 D	 35700.00	41300.00
2009	TFC	 Guevara	 Amado	M	300000.00	 323750.00
2009	TFC	 Ibrahim	 Fuad	 F	75000.00	 108000.00
2009	TFC	 Robinson	Carl	M	300000.00	 315000.00
2009	TFC	 Sayang	Amadou	D	 34008.00	40563.55
2009	TFC	 Serioux	 Adrian	D	 119070.00	 131570.00
2009	TFC	 Vitti	 Pablo	M-F	288000.00	 303000.00
2009	TFC	 White	 O'Brian	 F	36000.00	 113000.00
2009	TFC	 Wynne	 Marvell	D	 57000.00	 159500.00
2009	CHV	Bornstein	 Jonathan	D	 90000.00	 90000.00
2009	CHV	Braun	 Justin	 F	20100.00	 20100.00
2009	CHV	Chijindu	Chukwudi	 M	 20100.00	20100.00
2009	CHV	Conway	Jon	GK	36000.00	42125.00
2009	CHV	Cuesta	Yamith	 D	 36000.00	36000.00
2009	CHV	Curtin	Jim	D	109204.20	 109204.20
2009	CHV	Flores	Jorge	 F	34000.00	34000.00
2009	CHV	Galindo	 Maykel	F	87725.00	87725.00
2009	CHV	Harmse	Kevin	 D-M	79200.00	79200.00
2009	CHV	Jazic	 Ante	D	 90000.00	98500.00
2009	CHV	Kennedy	 Dan	 GK	50000.00	 50000.00
2009	CHV	Kljestan	Sacha	 M	170000.00	 203000.00
2009	CHV	Lahoud	Michael	 M	 36000.00	45375.00
2009	CHV	Lillingston	 Eduardo	F	 96000.00	 96000.00
2009	CHV	Marsch	Jesse	M	165000.00	174375.00
2009	CHV	Mayen	 Gerson	 M	 20100.00	 20100.00
2009	CHV	Nagamura	Paulo	M	 98398.13	 98398.13
2009	CHV	Padilla	 Jesus Andres	 F	36000.00	36000.00
2009	CHV	Parker	Lance	 GK	20100.00	20100.00
2009	CHV	Razov	 Ante	 F	 140000.00	 147750.00
2009	CHV	Santos	Maicon	F	84000.00	84000.00
2009	CHV	Saragosa	Marcelo	D-M	120000.00	 124285.71
2009	CHV	Stepanovic	Bojan	 M	 120000.00	 121750.00
2009	CHV	Suarez	Claudio	 D	75000.00	75000.00
2009	CHV	Talley	Carey	 D	 128256.00	 128256.00
2009	CHV	Thomas	Shavar	D	104500.00	108250.00
2009	CHV	Thornton	Zach	 GK	52500.00	55000.00
2009	CHV	Trujillo	Mariano	 M	90000.00	 90000.00
2009	CHV	Victorine	 Sasha	 M	 125000.00	 135000.00
2009	CHV	Zamora	Cesar	M	 20100.00	20100.00
2009	COL	Ballouchy	 Mehdi	 M	100000.00	118000.00
2009	COL	Baudet	Julien	D	156000.00	169750.00
2009	COL	Burpo	 Preston	 GK	57871.99	 57871.99
2009	COL	Casey	 Conor	 F	 200000.00	 200000.00
2009	COL	Ceus	Steward	GK	20100.00	20100.00
2009	COL	Clark	 Colin	M	 85000.00	90000.00
2009	COL	Cummings	Omar	F	 65000.00	73750.00
2009	COL	Dalby	 Greg	 M	 34650.00	34650.00
2009	COL	Diz	 Facundo	 F	42000.00	42000.00
2009	COL	Gibbs	 Cory	 D	110000.00	 117142.86
2009	COL	Harden	Ty	 D	 34008.00	34008.00
2009	COL	Harvey	Jordan	 D	 50000.00	51250.00
2009	COL	Holody	Michael	 D	 20100.00	20100.00
2009	COL	Kimura	Kosuke	D	 52500.00	52500.00
2009	COL	LaBrocca	Nick	M	 70000.00	72500.00
2009	COL	Mastroeni	 Pablo	 M-D	 255000.00	300500.00
2009	COL	Moor	Drew	 D	132000.00	149188.89
2009	COL	Noonan	Pat	F	175008.00	175008.00
2009	COL	O'Brien	 Ciaran	M	 70000.00	 103750.00
2009	COL	Palguta	 Scott	 D	 54999.96	54999.96
2009	COL	Peterson	Jacob	F	 100000.00	 118750.00
2009	COL	Pickens	 Matt	GK	 125000.00	 127500.00
2009	COL	Schunk	Ross	F	20100.00	20100.00
2009	COL	Smith	 Jamie	 M	 159600.00	 169600.00
2009	COL	Valentino	 Rob	 D	39600.00	57100.00
2009	HOU	Ashe	Corey	 M	 34650.00	 34650.00
2009	HOU	Barrett	 Wade	D	154000.00	156500.00
2009	HOU	Boswell	 Robert	D	150000.00	 150000.00
2009	HOU	Cameron	 Geoff	 M	 34650.00	 34650.00
2009	HOU	Chabala	 Michael	M	 34000.00	34000.00
2009	HOU	Ching	 Brian	 F	 242550.00	 242550.00
2009	HOU	Clark	 Ricardo	M	248050.00	 248050.00
2009	HOU	Cochrane	Ryan	 D	145000.00	 146250.00
2009	HOU	Cruz	Danny	M	 55000.00	98000.00
2009	HOU	Davis	 Brad	 M	132300.00	 132300.00
2009	HOU	Deric	 Tyler	GK	20100.00	20100.00
2009	HOU	Garcia	Felix	 F	65000.00	99000.00
2009	HOU	Hainault	Andre	D	 42000.00	55125.00
2009	HOU	Hall	Tally	GK	45000.00	54375.00
2009	HOU	Hayden	John-Michael	 M	 20100.00	20100.00
2009	HOU	Holden	Stuart	M	34728.75	34728.75
2009	HOU	Landin	Luis Angel	 F	 120000.00	 120000.00
2009	HOU	Mullan	Brian	M	171000.00	180312.50
2009	HOU	Mulrooney	 Richard	M	165375.00	165375.00
2009	HOU	Oduro	 Dominic	F	34650.00	34650.00
2009	HOU	Onstad	Pat	 GK	 181650.00	 181650.00
2009	HOU	Robinson	Eddie	 D	137812.50	 137812.50
2009	HOU	Thompson	Abe	 F	60000.00	63625.00
2009	HOU	Ustruck	 Erik	F	20100.00	20100.00
2009	HOU	Waibel	Craig	 D	77008.80	77008.80
2009	HOU	Weaver	Cam	 F	64980.00	73230.00
2009	Pool	 Benitez	 Miguel	GK	34000.00	 34000.00
2009	Pool	 Dragavon	Ben	GK	34000.00	34000.00
2009	Pool	 Guppy	 Kevin	GK	20100.00	20100.00
2009	Pool	 Rueckner	Bryant	GK	34000.00	34000.00
2009	Pool	 Sharpe	Christopher	GK	34000.00	34000.00
2009	SEA	Alonso	Osvaldo	 M	 65000.00	 65000.00
2009	SEA	Boss	Terry	 GK	36000.00	 38500.00
2009	SEA	Brown	 Evan	D	 20100.00	 20100.00
2009	SEA	Evans	 Brad	 M	 44550.00	44550.00
2009	SEA	Eylander	Chris	GK	45500.00	45500.00
2009	SEA	Fucito	Michael	M	 20100.00	20100.00
2009	SEA	Gonzalez	Leonardo	 D	 48000.00	48000.00
2009	SEA	Graham	Taylor	 D	 55000.00	55000.00
2009	SEA	Hurtado	 John Kennedy	D	 36000.00	37000.00
2009	SEA	Ianni	 Patrick	 D	 72000.00	72000.00
2009	SEA	Jaqua	 Nate	 F	 189996.00	 208121.00
2009	SEA	Keller	Kasey	 GK	 300000.00	 300000.00
2009	SEA	King	Stephen	 M	 34000.00	34000.00
2009	SEA	Le Toux	 Sebastian	 M	100000.00	 112000.00
2009	SEA	Levesque	Roger	F	 40008.00	 40008.00
2009	SEA	Ljungberg	 Fredrik	M	1300000.00	1314000.00
2009	SEA	Marshall	Tyrone	 D	157500.00	161250.00
2009	SEA	Montero	 Fredy	F	155000.00	155000.00
2009	SEA	Neagle	Lamar	M	 15300.00	 15300.00
2009	SEA	Nyassi	Sanna	M	 20100.00	 20100.00
2009	SEA	Riley	 James	 D	 69000.00	72625.00
2009	SEA	Scott	 Zach	D	40008.00	40008.00
2009	SEA	Sturgis	 Nathan	M	 100000.00	 133000.00
2009	SEA	Vagenas	 Peter	 M	 158400.00	 158400.00
2009	SEA	Wahl	Tyson	 D	34650.00	34650.00
2009	SEA	Zakuani	 Steve	 F	65000.00	 163000.00
2010	DC	 Allsopp	Danny	 F	 180000.00	217500.00
2010	DC	 Barklage	 Brandon	M-F	 40000.00	 40000.00
2010	DC	 Burch	Marc	D	79000.00	 81500.00
2010	DC	 Castillo	 Christian	 M	 120000.00	142400.00
2010	DC	 Cristman	 Adam	F	40000.00	 40000.00
2010	DC	 Emilio	 Luciano	 F	253333.33	253333.33
2010	DC	 Graye	Jordan	D	40000.00	40000.00
2010	DC	 Habarugira	 David	 D	60000.00	67500.00
2010	DC	 Hamid	Bill	 GK	35700.00	42366.66
2010	DC	 Jakovic	Dejan	 D	147600.00	167102.50
2010	DC	 James	Julius	D	52085.00	61460.00
2010	DC	 Khumalo	Thabiso	M-F	 48384.00	50985.96
2010	DC	 King	 Stephen	 M	40000.00	40000.00
2010	DC	 McTavish	 Devon	D-M	 70000.00	 72500.00
2010	DC	 Moreno	 Jaime	 F	 160000.00	185000.00
2010	DC	 Morsink	Kurt	M	40000.00	 40000.00
2010	DC	 Najar	Andy	 M-F	39000.00	58995.83
2010	DC	 Namoff	 Bryan	 D	150000.00	155000.00
2010	DC	 Pena	 Juan	D	108000.00	116500.00
2010	DC	 Perkins	Troy	 GK	200000.00	205000.00
2010	DC	 Pontius	Chris	M-F	 100000.00	100000.00
2010	DC	 Quaranta	 Santino	M-F	 105000.00	107500.00
2010	DC	 Quinn	Andrew	 GK	40008.00	40008.00
2010	DC	 Rice	 Barry	 D	40000.00	40000.00
2010	DC	 Simms	Clyde	 M	165000.00	171000.00
2010	DC	 Talley	 Carey	 D	99996.00	99996.00
2010	DC	 Wallace	Rodney	 M-D	 75000.00	 124000.00
2010	KC	 Aiyegbusi	Olukorede	 D	40000.00	 40000.00
2010	KC	 Arnaud	 Davy	M	 220000.00	228750.00
2010	KC	 Auvray	 Stephane	M	 140000.00	148125.00
2010	KC	 Beasley	Jamar	 M	 40000.00	40000.00
2010	KC	 Besler	 Matt	D	50600.00	61850.00
2010	KC	 Bunbury	Teal	F	65000.00	163000.00
2010	KC	 Chhetri	Sunil	 F	 100008.00	110008.00
2010	KC	 Conrad	 Jimmy	 D	 232750.00	244000.00
2010	KC	 Diop	 Ibrahim	 M	57000.00	 58250.00
2010	KC	 Escobar	Pablo	 D	 40000.00	40000.00
2010	KC	 Espinoza	 Roger	 M	75000.00	 108750.00
2010	KC	 Harrington	 Michael	M-D	 78516.00	97266.00
2010	KC	 Hercegfalvi	Zoltan	F	168000.00	168000.00
2010	KC	 Hirsig	 Santiago	M	75000.00	75000.00
2010	KC	 Hohlbein	 Aaron	 D	40000.00	40000.00
2010	KC	 Jewsbury	 Jack	D	 145000.00	154125.00
2010	KC	 Kamara	 Kei	 F	180000.00	182500.00
2010	KC	 Kronberg	 Eric	 GK	56000.00	56000.00
2010	KC	 Leathers	 Jonathan	D	40000.00	 40000.00
2010	KC	 Myers	Chance	 D-M	 70000.00	 142000.00
2010	KC	 Nielsen	Jimmy	GK	100000.00	141666.67
2010	KC	 Rocastle	 Craig	 M	96000.00	 102062.50
2010	KC	 Smith	Ryan	 M-F	 125000.00	129375.00
2010	KC	 Wolff	Josh	F	220004.00	220004.00
2010	KC	 Zusi	 Graham	 F-M	 40000.00	40000.00
2010	LA	 Beckham	David	 M	 5500000.08	6500000.04
2010	LA	 Berhalter	Gregg	 D	 180000.00	198750.00
2010	LA	 Birchall	 Chris	 M	 132000.00	145125.00
2010	LA	 Bowen	Tristan	 F	70000.00	101363.63
2010	LA	 Buddle	 Edson	 F	 178448.00	188448.00
2010	LA	 DeLaGarza	AJ	D	45100.00	 45100.00
2010	LA	 Donovan	Landon	F	 2050000.00	2127777.78
2010	LA	 Dos Santos Cazumba	 Alex	D	70000.00	 80000.00
2010	LA	 Dunivant	 Todd	D	 120000.00	126750.00
2010	LA	 Franklin	 Sean	D	73535.00	87285.00
2010	LA	 Gomes	Juninho	 M	70000.00	80000.00
2010	LA	 Gonzalez	 Omar	D	80000.00	157000.00
2010	LA	 Gordon	 Alan	F	87731.00	87731.00
2010	LA	 Jordan	 Bryan	 F	40000.00	40000.00
2010	LA	 Kirovski	 Jovan	 F	84000.00	84000.00
2010	LA	 Klein	Chris	 M	96000.00	 101000.00
2010	LA	 Kovalenko	Dema	M	136500.00	144118.75
2010	LA	 Lewis	Eddie	 M	96000.00	 99333.33
2010	LA	 Magee	Mike	F	93500.00	 96000.00
2010	LA	 Marshall	 Yohance	 D	40000.00	 40000.00
2010	LA	 Mathis	 Clint	 M	 120750.00	120750.00
2010	LA	 Ribeiro Da Silva	 Leonardo	D	70000.00	80000.00
2010	LA	 Ricketts	 Donovan	GK	160000.00	160000.00
2010	LA	 Saunders	 Josh	 GK	57475.00	60608.75
2010	LA	 Sesay	Israel	F	75000.00	 107083.33
2010	LA	 Stephens	 Michael	 M	40000.00	42500.00
2010	NE	 Alston	 Kevin	 D	75000.00	124000.00
2010	NE	 Barnes	 Darrius	 D	55000.00	 56250.00
2010	NE	 Boggs	Zak	F-M	 40000.00	 40000.00
2010	NE	 Burpo	Preston	GK	70000.00	 70000.00
2010	NE	 Castro	 Mauricio	M	70000.00	 77750.00
2010	NE	 Colaluca	 Nico	M	 100000.00	133000.00
2010	NE	 Dube	 Mkhokheli	 F	80000.00	 89000.00
2010	NE	 Gibbs	Cory	D	121000.00	128142.86
2010	NE	 Griffiths	Jason	 M	40000.00	40000.00
2010	NE	 Jankuaskas	 Edgaras	 F	240000.00	240000.00
2010	NE	 Joseph	 Shalrie	 M	450000.00	475000.00
2010	NE	 Mansally	 Kenny	F-M	 65000.00	 72500.00
2010	NE	 Murray	 Tim	GK	40000.00	40000.00
2010	NE	 Niouky	 Desire	M	48000.00	53000.00
2010	NE	 Nyassi	 Sainey	M	70000.00	76750.00
2010	NE	 Osei	 Emmanuel	D	 47250.00	52875.00
2010	NE	 Perovic	Marko	 M	180000.00	190000.00
2010	NE	 Phelan	 Pat	 M	40000.00	40000.00
2010	NE	 Reis	 Matt	 GK	182011.00	182011.00
2010	NE	 Schilawski	 Zack	F	40000.00	42500.00
2010	NE	 Shuttleworth	 Robert	 GK	40000.00	40000.00
2010	NE	 Sinovic	Seth	D	40000.00	40000.00
2010	NE	 Smith	Khano	M-F	 50004.00	50004.00
2010	NE	 Tierney	Chris	D-M	 40000.00	40000.00
2010	NE	 Twellman	 Taylor	F	434500.00	459500.00
2010	NE	 Videira	Michael	 M	40000.00	40000.00
2010	NY	 Agudelo	Juan	F	40000.00	 70000.00
2010	NY	 Albright	 Chris	 D	84000.00	 84000.00
2010	NY	 Angel	Juan Pablo	F	 1620000.00	1918000.00
2010	NY	 Borman	 Danleigh	M	40000.00	 40000.00
2010	NY	 Boyens	 Andrew	D	57005.00	 62005.00
2010	NY	 Chinn	Conor	 F	40000.00	 40000.00
2010	NY	 Chirgadze	Giorgi	F	40000.00	 40000.00
2010	NY	 Coundoul	 Bouna	GK	 155000.00	156250.00
2010	NY	 Da Luz	 Austin	M	40000.00	 52125.00
2010	NY	 Garcia	 Irving	M	40000.00	40000.00
2010	NY	 Goldthwaite	Kevin	 D	120000.00	129000.00
2010	NY	 Hall	 Jeremy	M	75000.00	 124000.00
2010	NY	 Kandji	 Macoumba	F	85000.00	 112988.37
2010	NY	 Lindpere	 Joel	M	80000.00	115000.00
2010	NY	 Mendes	 Carlos	D	89250.00	 92375.00
2010	NY	 Miller	 Roy	 M	99996.00	 99996.00
2010	NY	 Nielsen	Brian	 M	156000.00	156000.00
2010	NY	 Petke	Mike	D	95000.00	95000.00
2010	NY	 Ream	 Tim	 D	40000.00	40000.00
2010	NY	 Richards	 Dane	 M-F	 135000.00	146500.00
2010	NY	 Robinson	 Carl	M	300000.00	315000.00
2010	NY	 Salou	Ibrahim	 F	264000.00	264000.00
2010	NY	 Sassano	Luke	 M-D	 40000.00	40000.00
2010	NY	 Stammler	 Seth	M	123900.00	123900.00
2010	NY	 Tchani	 Tony	M	75000.00	 179000.00
2010	NY	 Ubiparipovic	 Sinisa	M	40000.00	40000.00
2010	NY	 Wolyniec	 John	F	88000.00	88000.00
2010	SJ	 Alvarez	Arturo	 M-F	183338.00	192675.50
2010	SJ	 Beitashour	 Steven	D	40000.00	 40000.00
2010	SJ	 Burling	Bobby	 D	40000.00	 40000.00
2010	SJ	 Busch	Jon	GK	84000.00	 90800.00
2010	SJ	 Cannon	 Joe	GK	 190000.00	200256.25
2010	SJ	 Convey	 Bobby	 M	285000.00	307500.00
2010	SJ	 Corrales	 Ramiro	M	 150000.00	160625.00
2010	SJ	 Da Silva	 Eduardo	 F	48000.00	 48000.00
2010	SJ	 Gjertsen	 Joey	M	 65000.00	73625.00
2010	SJ	 Glen	 Cornell	 F	85000.00	99875.00
2010	SJ	 Hernandez	Jason	 D	125000.00	125000.00
2010	SJ	 Jassey	 Omar	M	42000.00	47500.00
2010	SJ	 Johnson	Ryan	M	125000.00	125000.00
2010	SJ	 Leitch	 Chris	 D	 101000.00	101000.00
2010	SJ	 Luiz Moreira	 Andre	 M	60000.00	 60000.00
2010	SJ	 McDonald	 Brandon	 M	40000.00	 40000.00
2010	SJ	 Morrow	 Justin	D	40000.00	 40000.00
2010	SJ	 Opara	Ike	 D	80000.00	 165900.00
2010	SJ	 Ring	 Brad	M	 40000.00	40000.00
2010	SJ	 Robles	 Javier	M	40000.00	40000.00
2010	SJ	 Sanchez	Ramon	 M	108000.00	118050.00
2010	SJ	 Sealy	Scott	 F	138000.00	145000.00
2010	SJ	 Weber	Andrew	 GK	40000.00	40000.00
2010	SJ	 Wondolowski	Chris	 M	48000.00	48000.00
2010	CHI	 Banner	 Michael	 D	40000.00	 40000.00
2010	CHI	 Bone	 Corben	M	75000.00	136200.00
2010	CHI	 Brown	C.J.	D	95760.00	100560.00
2010	CHI	 Carr	 Calen	 F	71250.00	 75500.00
2010	CHI	 Conde	Wilman	D	 180000.00	200000.00
2010	CHI	 Dimitrov	 Stefan	F	40000.00	 40000.00
2010	CHI	 Dykstra	Andrew	 GK	40000.00	 40000.00
2010	CHI	 Husidic	Baggio	M	75000.00	 117000.00
2010	CHI	 John	 Collins	 F	160000.00	181875.00
2010	CHI	 Johnson	Sean	 GK	55000.00	88000.00
2010	CHI	 Kinney	 Steven	D	40000.00	40000.00
2010	CHI	 Krol	 Krzystof	D	100000.00	100000.00
2010	CHI	 Lowry	Peter	F-M	 40000.00	 40000.00
2010	CHI	 Mapp	 Justin	M	 245000.00	280000.00
2010	CHI	 Martinez	 Julio	 M	 120000.00	126000.00
2010	CHI	 McBride	Brian	 F	 378000.00	403333.33
2010	CHI	 Nyarko	 Patrick	 F	80000.00	 160000.00
2010	CHI	 Pappa	Marco	 M	108000.00	108000.00
2010	CHI	 Pause	Logan	 M	160000.00	168125.00
2010	CHI	 Robinson	 Dasan	 D	49200.00	49200.00
2010	CHI	 Thorrington	John	M	177000.00	189500.00
2010	CHI	 Umanzor	Deris	 D	72000.00	72000.00
2010	CHI	 Ward	 Tim	 D	55000.00	55000.00
2010	CHI	 Watson-Siriboe	 Kwame	 D	40000.00	40000.00
2010	CHV	 Borja	Carlos	M	40000.00	 40000.00
2010	CHV	 Bornstein	Jonathan	D	 100000.00	100000.00
2010	CHV	 Braun	Justin	F	65000.00	 67500.00
2010	CHV	 Chijindu	 Chukwudi	M	40000.00	 40000.00
2010	CHV	 Cuesta	 Yamin	 D	42000.00	44500.00
2010	CHV	 Delgado	Dario	 D	42000.00	 42000.00
2010	CHV	 Flores	 Jorge	 F	40000.00	40000.00
2010	CHV	 Galindo	Maykel	F	96498.00	96498.00
2010	CHV	 Gavin	Blair	 M	50000.00	69000.00
2010	CHV	 Jazic	Ante	D	105000.00	113500.00
2010	CHV	 Kennedy	Dan	GK	54996.00	54996.00
2010	CHV	 Kljestan	 Sacha	 M	205000.00	238000.00
2010	CHV	 Lahoud	 Michael	 M	45100.00	 54475.00
2010	CHV	 Lillingston	Eduardo	 F	 100000.00	100000.00
2010	CHV	 Macotelo	 Jose	M	60000.00	 60000.00
2010	CHV	 Mayen	Gerson	M	40000.00	 40000.00
2010	CHV	 Padilla	Jesus Andres	F	48000.00	48000.00
2010	CHV	 Romero	 Osael	 M	80000.00	85500.00
2010	CHV	 Santos	 Maicon	F	108000.00	108000.00
2010	CHV	 Saragosa	 Marcelo	D-M	 130000.00	134285.71
2010	CHV	 Thornton	 Zach	 GK	145000.00	152500.00
2010	CHV	 Trujillo	 Mariano	 M	94500.00	94500.00
2010	CHV	 Umana	Michael	 D	 132000.00	144312.50
2010	CHV	 Zamora	 Cesar	 M	40000.00	40000.00
2010	CHV	 Zemanski	 Ben	 M	40000.00	40000.00
2010	CHV	 Zotinca	Alex	D	60000.00	 60000.00
2010	CLB	 Barros Schelotto	 Guillermo	M-F	140000.00	241250.00
2010	CLB	 Brunner	Eric	D	40000.00	 40000.00
2010	CLB	 Burns	Kevin	 M	40000.00	 40000.00
2010	CLB	 Carroll	Brian	 M	 140569.00	144319.00
2010	CLB	 Duka	 Dilaver	 M	80000.00	213000.00
2010	CLB	 Ekpo	 Emmanuel	M	155000.00	177250.00
2010	CLB	 Francis	Shaun	 D	40000.00	40000.00
2010	CLB	 Garey	Jason	 F	75000.00	76250.00
2010	CLB	 Gaven	Eddie	M-F	 190575.00	190575.00
2010	CLB	 Griffit	Leandre	 M	40008.00	40008.00
2010	CLB	 Gruenebaum	 Andy	 GK	40000.00	40000.00
2010	CLB	 Hejduk	 Frankie	 M	120000.00	127500.00
2010	CLB	 Herrera	Sergio	F	48000.00	48000.00
2010	CLB	 Hesmer	 William	GK	125000.00	136000.00
2010	CLB	 Iro	Andy	D	52360.00	71110.00
2010	CLB	 Lenhart	Steven	F	40000.00	 42333.34
2010	CLB	 Marshall	 Chad	D	 250000.00	320000.00
2010	CLB	 Moffat	 Adam	M	50400.00	 50400.00
2010	CLB	 O'Rourke	 Danny	 D	110000.00	122500.00
2010	CLB	 Oughton	Duncan	D	40000.00	40000.00
2010	CLB	 Padula	 Gino	D	165000.00	190000.00
2010	CLB	 Renteria	 Emilio	F	108000.00	109875.00
2010	CLB	 Rogers	 Robbie	 M-F	 115000.00	115000.00
2010	CLB	 Yanez	Othaniel	M	 40000.00	40000.00
2010	CLB	 Zayner	 Jed	 D	57000.00	60875.00
2010	COL	 Akpan	Andre	 F	40000.00	 65000.00
2010	COL	 Amarikwa	 Quincy	F	40000.00	 40000.00
2010	COL	 Ballouchy	Mehdi	 M	88800.00	 88800.00
2010	COL	 Baudet	 Julien	D	 168000.00	181750.00
2010	COL	 Casey	Conor	 F	 350000.00	350000.00
2010	COL	 Ceus	 Steward	GK	40000.00	 40000.00
2010	COL	 Clark	Colin	 M	89250.00	 94250.00
2010	COL	 Cummings	 Omar	F	71500.00	 80250.00
2010	COL	 Earls	Danny	D-M	 40000.00	41250.00
2010	COL	 Holody	 Mike	D	40000.00	40000.00
2010	COL	 Joyce	Ian	GK	54000.00	54000.00
2010	COL	 Kimura	 Kosuke	D	57750.00	57750.00
2010	COL	 Labauex	Ross	M	40000.00	40000.00
2010	COL	 Larentowicz	Jeff	D	150000.00	150000.00
2010	COL	 Lopez	Claudio	 F	 120000.00	120000.00
2010	COL	 Mastroeni	Pablo	M-D	255000.00	300500.00
2010	COL	 Moor	 Drew	D	 145200.00	162388.89
2010	COL	 Murillo	Oscar	 D	40000.00	40000.00
2010	COL	 O'Brien	Ciaran	M	75000.00	 108750.00
2010	COL	 Palguta	Scott	 D	57750.00	57750.00
2010	COL	 Pickens	Matt	 GK	135000.00	137500.00
2010	COL	 Schunk	 Ross	F	 40000.00	40000.00
2010	COL	 Smith	Jamie	 M	172800.00	182800.00
2010	COL	 Thompson	 Wells	 M	40000.00	40000.00
2010	COL	 Wynne	Marvell	 D	66500.00	 171750.00
2010	DAL	 Alexander	Eric	M	 40000.00	 40000.00
2010	DAL	 Avila	Eric	M	75000.00	108000.00
2010	DAL	 Benitez	Jair	D	42000.00	 42000.00
2010	DAL	 Chavez	 Marvin	M	60000.00	 70000.00
2010	DAL	 Cunningham	 Jeffrey	 F	 220000.00	230125.00
2010	DAL	 Davies	 Kyle	D	57500.00	 57500.00
2010	DAL	 Edward	 Edson	 D	40000.00	40000.00
2010	DAL	 Ferreira	 David	M-F	 300000.00	300000.00
2010	DAL	 Guarda	 Bruno	 M	75000.00	 105000.00
2010	DAL	 Harris	 Atiba	M-F	 68970.00	71970.00
2010	DAL	 Hartman	Kevin	GK	75000.00	80000.00
2010	DAL	 Hernandez	Daniel	 M-D	 100000.00	112500.00
2010	DAL	 Ihemelu	Ugo	 D	150000.00	150000.00
2010	DAL	 John	 George	D	40000.00	40000.00
2010	DAL	 Lambo	Josh	 GK	75000.00	108000.00
2010	DAL	 Leyva	Bryan	 M	45000.00	 60833.33
2010	DAL	 Loyd	 Zach	M	40000.00	 57125.00
2010	DAL	 Luna	 Ruben	 F	45000.00	 47000.00
2010	DAL	 Marosevic	Peri	F	75000.00	124000.00
2010	DAL	 McCarty	Dax	 M	 145000.00	 165000.00
2010	DAL	 Pearce	 Heath	 D	198000.00	207500.00
2010	DAL	 Sala	 Dario	GK	160000.00	178125.00
2010	DAL	 Shea	 Brek	 M-D	 75000.00	 108000.00
2010	DAL	 Wallace	Anthony	D-M	 57500.00	57500.00
2010	DAL	 Wiedeman	 Andrew	F	65000.00	 108000.00
2010	DAL	 Yeisley	Jason	 F	40000.00	40000.00
2010	HOU	 Appiah	 Samuel	M	40000.00	 40000.00
2010	HOU	 Ashe	 Corey	 M	40000.00	 40000.00
2010	HOU	 Boswell	Robert	D	 190000.00	190000.00
2010	HOU	 Cameron	Geoff	 M	40000.00	 40000.00
2010	HOU	 Chabala	Michael	 M	40000.00	 40000.00
2010	HOU	 Ching	Brian	 F	 350000.00	350000.00
2010	HOU	 Cochrane	 Ryan	D	 100000.00	100000.00
2010	HOU	 Cruz	 Danny	 M	75000.00	118000.00
2010	HOU	 Davis	Brad	M	 145530.00	145530.00
2010	HOU	 Deric	Tyler	GK	40000.00	 40000.00
2010	HOU	 Hainault	 Andrew	D	110000.00	123125.00
2010	HOU	 Hall	 Tally	GK	60000.00	69375.00
2010	HOU	 Landin	 Luis Angel	F	 120000.00	120000.00
2010	HOU	 Mullan	 Brian	 M	 180500.00	189812.50
2010	HOU	 Mulrooney	Richard	 M	 120000.00	125000.00
2010	HOU	 Navas	Francisco	 M	40000.00	40000.00
2010	HOU	 Ngwenya	Joseph	 M/F	 72000.00	72000.00
2010	HOU	 Oduro	Dominic	 F	40000.00	40000.00
2010	HOU	 Onstad	 Patrick	GK	164000.00	172333.33
2010	HOU	 Palmer	 Lovel	 M	60000.00	71250.00
2010	HOU	 Robinson	 Eddie	 D	135000.00	145000.00
2010	HOU	 Serioux	Adrian	D	96000.00	96000.00
2010	HOU	 Waibel	 Craig	 D	84710.00	84710.00
2010	HOU	 Weaver	 Cam	 F	85000.00	93250.00
2010	NY	Sutton	 Greg	 GK	72000.00	76500.00
2010	PHI	 Arrieta	Christian	 D	60000.00	 64500.00
2010	PHI	 Califf	 Daniel	D	 250000.00	250000.00
2010	PHI	 Carreiro	 Fred	 M-F	250000.00	282000.00
2010	PHI	 Harvey	 Jordan	D	55000.00	56250.00
2010	PHI	 Jacobson	 Andrew	M	40000.00	40000.00
2010	PHI	 Knighton	 Brad	 GK	40000.00	40000.00
2010	PHI	 Le Toux	Sebastian	 M	 110000.00	122000.00
2010	PHI	 Miglioranzi	Stefani	 M	 125000.00	148125.00
2010	PHI	 Moreno	 Alejandro	 F	 145000.00	158125.00
2010	PHI	 Nakazawa	 Kyle	M	40000.00	40000.00
2010	PHI	 Orozco	 Michael	 D	150000.00	200000.00
2010	PHI	 Salinas	Shea	M	40000.00	40000.00
2010	PHI	 Seitz	Chris	GK	100000.00	135500.00
2010	PHI	 Stahl	Toni	M	40000.00	 110300.00
2010	PHI	 Thomas	 Shavar	D	145000.00	159375.00
2010	PHI	 Torres	 Roger	 M	96000.00	99125.00
2010	PHI	 Zimmerman	Nick	D	40000.00	40000.00
2010	PHL	 McInerney	Jack	F	52250.00	116416.67
2010	PHL	 Mwanga	 Danny	 F	100000.00	206250.00
2010	PHL	 Okugo	Amobi	 M	75000.00	 158000.00
2010	PHL	 Perk	 Brian	GK	52250.00	86350.00
2010	Pool	Guppy	Kevin	GK	40000.00	40000.00
2010	Pool	Horwath	Alex	 GK	40000.00	40000.00
2010	Pool	Sharpe	 Christopher	GK	40000.00	 40000.00
2010	RSL	 Alexandre	Jean	M	40000.00	 40000.00
2010	RSL	 Beckerman	Kyle	M	 250000.00	250000.00
2010	RSL	 Beltran	Anthony	 D	75000.00	110500.00
2010	RSL	 Borchers	 Nat	 D	 140000.00	147500.00
2010	RSL	 Campos	 Pablo	 F	 78750.00	83596.72
2010	RSL	 Espindola	Fabian	F	75000.00	75000.00
2010	RSL	 Findley	Robert	F	73566.00	87316.00
2010	RSL	 Gil	Luis	M	85500.00	 180583.33
2010	RSL	 Gonzalez	 Nelson	 M-F	 40000.00	40000.00
2010	RSL	 Grabavoy	 Ned	 M	105000.00	105000.00
2010	RSL	 Horst	David	 D	40000.00	40000.00
2010	RSL	 Johnson	Will	F	76320.00	89891.43
2010	RSL	 McKenzie	 Rauwshan	D	40000.00	 40000.00
2010	RSL	 Melia	Tim	GK	40000.00	 40000.00
2010	RSL	 Morales	Javier	M	 200000.00	252500.00
2010	RSL	 Nimo	 Alex	 F-M	 75000.00	 108000.00
2010	RSL	 Olave	Jamison	 D	225000.00	240000.00
2010	RSL	 Reynish	Kyle	 GK	40000.00	40000.00
2010	RSL	 Rimando	Nick	 GK	120000.00	131000.00
2010	RSL	 Russell	Robbie	 D-M	 114000.00	119751.43
2010	RSL	 Saborio	Alvaro	F	120000.00	128125.00
2010	RSL	 Schuler	Chris	 D	40000.00	40000.00
2010	RSL	 Warner	 Collen	 MF	40000.00	43750.00
2010	RSL	 Williams	 Andy	M	88200.00	88200.00
2010	RSL	 Wingert	Chris	 D	125000.00	125000.00
2010	SEA	 Alonso	 Osvaldo	 M	67925.00	 68737.50
2010	SEA	 Boss	 Terry	GK	40000.00	 42500.00
2010	SEA	 Estrada	David	 F	40000.00	40000.00
2010	SEA	 Evans	Brad	F	110000.00	123750.00
2010	SEA	 Fucito	 Michael	MF	40000.00	40000.00
2010	SEA	 Gonzalez	 Leonardo	D	72000.00	72000.00
2010	SEA	 Graham	 Taylor	D	57750.00	57750.00
2010	SEA	 Hurtado	John Kennedy	D	120000.00	121000.00
2010	SEA	 Ianni	Patrick	 D	75600.00	75600.00
2010	SEA	 Jaqua	Nate	F	220000.00	238125.00
2010	SEA	 Keller	 Kasey	GK	300000.00	300000.00
2010	SEA	 Levesque	 Roger	 F	42008.00	 42008.00
2010	SEA	 Ljungberg	Fredrik	 M	 1300000.00	1314000.00
2010	SEA	 Marshall	 Tyrone	D	165375.00	169125.00
2010	SEA	 Montano	Miguel	F	40008.00	 40008.00
2010	SEA	 Montero	Fredy	 F	 180000.00	180000.00
2010	SEA	 Nkufo	Blaise	F	480000.00	480000.00
2010	SEA	 Noonan	 Pat	 F	96000.00	96000.00
2010	SEA	 Nyassi	 Sanna	 M	40000.00	40000.00
2010	SEA	 Parke	Jeff	D	99999.96	 99999.96
2010	SEA	 Riley	James	 D	72450.00	76075.00
2010	SEA	 Scott	Zach	D	42008.00	42008.00
2010	SEA	 Seamon	 Michael	 M	40000.00	40000.00
2010	SEA	 Sturgis	Nathan	 D-M	 65000.00	69250.00
2010	SEA	 Vagenas	Peter	 M	117000.00	117000.00
2010	SEA	 Wahl	 Tyson	 D	49400.00	52300.00
2010	SEA	 Zakuani	Steve	 F	80000.00	 178000.00
2010	TFC	 Attakora-Gyan	Nana	D	40000.00	 40000.00
2010	TFC	 Barrett	Chad	F	 205000.00	212500.00
2010	TFC	 Cann	 Adrian	D	56592.00	 65342.00
2010	TFC	 Conway	 Jon	GK	60000.00	 69833.33
2010	TFC	 Cronin	 Sam	 M	57500.00	105500.00
2010	TFC	 de Guzman	Julian	M	 1670796.00	1717546.00
2010	TFC	 DeRosario	Dwayne	M	 375000.00	443750.00
2010	TFC	 Frei	 Stefan	 GK	80000.00	 135000.00
2010	TFC	 Gala	 Gabe	 D-M	 40000.00	40000.00
2010	TFC	 Garcia	 Nick	D	190000.00	198750.00
2010	TFC	 Gargan	 Daniel	M	40000.00	40000.00
2010	TFC	 Gomez	Emmanuel	D	40000.00	45600.00
2010	TFC	 Harden	 Ty	D	40000.00	40000.00
2010	TFC	 Herold	 Zachary	 D	 60000.00	109166.67
2010	TFC	 Hscanovics	 Raivis	D	114000.00	120250.00
2010	TFC	 Ibrahim	Fuad	F	100000.00	133000.00
2010	TFC	 Joseph	 Nane	M	40000.00	 40000.00
2010	TFC	 Kocic	Milos	GK	40000.00	40000.00
2010	TFC	 LaBrocca	 Nick	M	77000.00	 79500.00
2010	TFC	 Peterson	 Jacob	 F	125000.00	143000.00
2010	TFC	 Sanyang	Amadou	D	40000.00	46555.55
2010	TFC	 Saric	Martin	M	90000.00	90000.00
2010	TFC	 Usanov	 Maxim	 D	96000.00	 102250.00
2010	TFC	 White	O'Brian	 F	105000.00	182000.00